Date,Hour,Readings,Avg_PV_W,PV_Energy_kWh,Avg_Battery_W,Battery_Energy_kWh,Avg_Grid_W,Grid_Energy_kWh,Avg_GridLoad_W,GridLoad_Energy_kWh,Avg_BackupLoad_W,BackupLoad_Energy_kWh,Avg_SOC_Pct,Min_SOC_Pct,Max_SOC_Pct
2026-02-01,00:00,12,0.0,0.0,-543.8,-0.544,-97.0,-0.097,640.8,0.641,0.0,0.0,42.1,40,44
2026-02-01,01:00,12,0.0,0.0,-654.2,-0.654,-93.0,-0.093,747.2,0.747,0.0,0.0,37.6,36,40
2026-02-01,02:00,12,0.0,0.0,-578.1,-0.578,-94.3,-0.094,672.4,0.672,0.0,0.0,33.5,32,35
2026-02-01,03:00,12,0.0,0.0,-365.2,-0.365,-86.3,-0.086,451.5,0.452,0.0,0.0,29.9,29,31
2026-02-01,04:00,12,0.0,0.0,-366.9,-0.367,-82.3,-0.082,449.2,0.449,0.0,0.0,27.1,26,28
2026-02-01,05:00,12,0.0,0.0,-369.7,-0.37,-82.3,-0.082,452.0,0.452,0.0,0.0,24.4,23,26
2026-02-01,06:00,12,29.2,0.029,-317.2,-0.317,-83.8,-0.084,430.2,0.43,0.0,0.0,21.7,21,23
2026-02-01,07:00,12,454.0,0.454,115.2,0.115,-94.6,-0.095,433.4,0.433,0.0,0.0,21.0,21,21
2026-02-01,08:00,12,853.0,0.853,286.2,0.286,-67.5,-0.068,634.2,0.634,0.0,0.0,21.8,21,23
2026-02-01,09:00,12,1861.7,1.862,1063.9,1.064,-10.7,-0.011,808.4,0.808,0.0,0.0,26.3,23,30
2026-02-01,10:00,12,3117.5,3.118,2103.6,2.104,-13.3,-0.013,1027.2,1.027,0.0,0.0,37.5,31,45
2026-02-01,11:00,12,2733.4,2.733,2008.3,2.008,-13.4,-0.013,738.5,0.739,0.0,0.0,53.4,47,59
2026-02-01,12:00,12,3834.8,3.835,2439.9,2.44,-57.9,-0.058,1452.8,1.453,0.0,0.0,72.0,62,79
2026-02-01,13:00,12,2391.6,2.392,1407.7,1.408,-28.2,-0.028,1012.2,1.012,0.0,0.0,82.8,79,87
2026-02-01,14:00,12,3016.1,3.016,1918.8,1.919,212.7,0.213,884.7,0.885,0.0,0.0,95.3,88,99
2026-02-01,15:00,12,1582.3,1.582,-129.9,-0.13,478.2,0.478,1234.0,1.234,0.0,0.0,99.6,99,100
2026-02-01,16:00,12,640.2,0.64,-233.2,-0.233,75.8,0.076,797.5,0.797,0.0,0.0,98.5,98,99
2026-02-01,17:00,12,139.2,0.139,-566.3,-0.566,-12.0,-0.012,717.6,0.718,0.0,0.0,95.4,93,97
2026-02-01,18:00,12,0.0,0.0,-1260.9,-1.261,-84.7,-0.085,1345.6,1.346,0.0,0.0,88.7,84,93
2026-02-01,19:00,12,0.0,0.0,-1097.3,-1.097,-106.3,-0.106,1203.7,1.204,0.0,0.0,79.8,76,84
2026-02-01,20:00,12,0.0,0.0,-1227.3,-1.227,-109.0,-0.109,1336.3,1.336,0.0,0.0,72.2,68,76
2026-02-01,21:00,12,0.0,0.0,-987.5,-0.988,-109.1,-0.109,1096.6,1.097,0.0,0.0,63.0,60,67
2026-02-01,22:00,12,0.0,0.0,-693.6,-0.694,-106.5,-0.106,800.1,0.8,0.0,0.0,56.8,55,59
2026-02-01,23:00,12,0.0,0.0,-856.4,-0.856,-102.4,-0.102,958.8,0.959,0.0,0.0,51.6,49,54
2026-02-02,00:00,12,0.0,0.0,-707.6,-0.708,-98.3,-0.098,805.9,0.806,0.0,0.0,46.2,44,48
2026-02-02,01:00,12,0.0,0.0,-568.3,-0.568,-91.7,-0.092,660.0,0.66,0.0,0.0,41.2,39,43
2026-02-02,02:00,12,0.0,0.0,-442.0,-0.442,-87.7,-0.088,529.7,0.53,0.0,0.0,37.3,36,39
2026-02-02,03:00,12,0.0,0.0,-454.4,-0.454,-90.3,-0.09,544.8,0.545,0.0,0.0,34.2,33,36
2026-02-02,04:00,12,0.0,0.0,-413.7,-0.414,-87.7,-0.088,501.3,0.501,0.0,0.0,31.2,30,33
2026-02-02,05:00,12,0.0,0.0,-473.8,-0.474,-89.0,-0.089,562.8,0.563,0.0,0.0,28.1,27,30
2026-02-02,06:00,12,31.8,0.032,-424.2,-0.424,-21.6,-0.022,477.6,0.478,0.0,0.0,25.0,24,26
2026-02-02,07:00,12,532.8,0.533,21.6,0.022,0.0,0.0,511.2,0.511,0.0,0.0,23.0,23,23
2026-02-02,08:00,12,1142.8,1.143,446.4,0.446,-12.0,-0.012,708.3,0.708,0.0,0.0,24.8,24,26
2026-02-02,09:00,12,2254.8,2.255,1425.8,1.426,-12.0,-0.012,841.0,0.841,0.0,0.0,30.9,27,36
2026-02-02,10:00,12,3165.4,3.165,2519.7,2.52,-4.0,-0.004,649.8,0.65,0.0,0.0,44.0,37,52
2026-02-02,11:00,12,4235.8,4.236,3637.4,3.637,-10.7,-0.011,609.0,0.609,0.0,0.0,65.4,54,77
2026-02-02,12:00,12,4558.8,4.559,2805.6,2.806,452.8,0.453,1300.5,1.3,0.0,0.0,89.8,79,97
2026-02-02,13:00,12,4011.8,4.012,503.9,0.504,2357.2,2.357,1150.7,1.151,0.0,0.0,99.6,98,100
2026-02-02,14:00,12,2693.3,2.693,0.0,0.0,1244.8,1.245,1448.5,1.449,0.0,0.0,100.0,100,100
2026-02-02,15:00,12,1689.6,1.69,-36.9,-0.037,464.7,0.465,1261.8,1.262,0.0,0.0,99.8,99,100
2026-02-02,16:00,12,724.2,0.724,-706.2,-0.706,-22.7,-0.023,1453.0,1.453,0.0,0.0,96.9,94,99
2026-02-02,17:00,12,148.8,0.149,-885.5,-0.886,-45.4,-0.045,1079.8,1.08,0.0,0.0,91.0,88,94
2026-02-02,18:00,12,1.0,0.001,-1009.7,-1.01,-76.7,-0.077,1087.3,1.087,0.0,0.0,84.3,81,88
2026-02-02,19:00,12,0.0,0.0,-814.3,-0.814,-94.2,-0.094,908.6,0.909,0.0,0.0,78.2,75,81
2026-02-02,20:00,12,0.0,0.0,-748.2,-0.748,-90.2,-0.09,838.5,0.839,0.0,0.0,72.3,70,75
2026-02-02,21:00,12,0.0,0.0,-714.3,-0.714,-98.3,-0.098,812.7,0.813,0.0,0.0,66.9,64,70
2026-02-02,22:00,12,0.0,0.0,-644.1,-0.644,-107.8,-0.108,751.8,0.752,0.0,0.0,61.9,60,64
2026-02-02,23:00,12,0.0,0.0,-626.2,-0.626,-99.8,-0.1,725.9,0.726,0.0,0.0,57.4,55,59
2026-02-03,00:00,12,0.0,0.0,-686.2,-0.686,-101.0,-0.101,787.2,0.787,0.0,0.0,53.0,51,55
2026-02-03,01:00,12,0.0,0.0,-567.8,-0.568,-90.3,-0.09,658.1,0.658,0.0,0.0,48.4,47,50
2026-02-03,02:00,12,0.0,0.0,-582.2,-0.582,-90.3,-0.09,672.5,0.672,0.0,0.0,44.4,42,46
2026-02-03,03:00,12,0.0,0.0,-569.5,-0.57,-97.0,-0.097,666.5,0.666,0.0,0.0,40.2,38,42
2026-02-03,04:00,12,0.0,0.0,-473.8,-0.474,-95.7,-0.096,569.4,0.569,0.0,0.0,36.4,35,38
2026-02-03,05:00,12,0.0,0.0,-491.8,-0.492,-90.3,-0.09,582.1,0.582,0.0,0.0,33.1,32,35
2026-02-03,06:00,12,36.7,0.037,-435.6,-0.436,-17.5,-0.018,489.8,0.49,0.0,0.0,29.8,28,31
2026-02-03,07:00,12,529.8,0.53,59.8,0.06,-4.0,-0.004,473.9,0.474,0.0,0.0,28.0,28,28
2026-02-03,08:00,12,1138.8,1.139,470.3,0.47,-12.0,-0.012,680.5,0.68,0.0,0.0,29.8,28,32
2026-02-03,09:00,12,2266.3,2.266,1408.9,1.409,-9.4,-0.009,866.8,0.867,0.0,0.0,36.2,32,42
2026-02-03,10:00,12,3115.1,3.115,2312.0,2.312,-8.0,-0.008,811.1,0.811,0.0,0.0,50.2,43,58
2026-02-03,11:00,12,4259.8,4.26,2956.7,2.957,-43.0,-0.043,1346.1,1.346,0.0,0.0,68.0,59,78
2026-02-03,12:00,12,4648.0,4.648,2655.6,2.656,508.1,0.508,1484.3,1.484,0.0,0.0,89.6,80,97
2026-02-03,13:00,12,4272.8,4.273,507.3,0.507,2211.0,2.211,1554.5,1.554,0.0,0.0,99.6,98,100
2026-02-03,14:00,12,2607.8,2.608,0.0,0.0,1163.3,1.163,1444.4,1.444,0.0,0.0,100.0,100,100
2026-02-03,15:00,12,1653.1,1.653,0.0,0.0,411.5,0.412,1241.6,1.242,0.0,0.0,100.0,100,100
2026-02-03,16:00,12,656.4,0.656,-5575.8,-5.576,-868.1,-0.868,7100.2,7.1,0.0,0.0,84.8,62,100
2026-02-03,17:00,12,136.2,0.136,-5429.4,-5.429,-3187.8,-3.188,8753.4,8.753,0.0,0.0,34.6,20,57
2026-02-03,18:00,12,0.6,0.001,0.0,0.0,-5663.4,-5.663,5664.0,5.664,0.0,0.0,21.0,21,21
2026-02-03,19:00,12,0.0,0.0,4.8,0.005,-924.9,-0.925,920.2,0.92,0.0,0.0,21.0,21,21
2026-02-03,20:00,12,0.0,0.0,0.0,0.0,-851.8,-0.852,851.8,0.852,0.0,0.0,21.0,21,21
2026-02-03,21:00,12,0.0,0.0,0.0,0.0,-808.4,-0.808,808.4,0.808,0.0,0.0,21.0,21,21
2026-02-03,22:00,12,0.0,0.0,0.0,0.0,-773.2,-0.773,773.2,0.773,0.0,0.0,21.0,21,21
2026-02-03,23:00,12,0.0,0.0,0.0,0.0,-903.2,-0.903,903.2,0.903,0.0,0.0,21.0,21,21
2026-02-04,00:00,12,0.0,0.0,3.5,0.004,-809.9,-0.81,806.4,0.806,0.0,0.0,21.0,21,21
2026-02-04,01:00,12,0.0,0.0,0.0,0.0,-637.8,-0.638,637.8,0.638,0.0,0.0,21.7,21,22
2026-02-04,02:00,12,0.0,0.0,1.8,0.002,-533.5,-0.533,531.8,0.532,0.0,0.0,22.0,22,22
2026-02-04,03:00,12,0.0,0.0,0.0,0.0,-710.9,-0.711,710.9,0.711,0.0,0.0,22.0,22,22
2026-02-04,04:00,12,0.0,0.0,0.0,0.0,-689.2,-0.689,689.2,0.689,0.0,0.0,22.0,22,22
2026-02-04,05:00,12,0.0,0.0,0.0,0.0,-574.1,-0.574,574.1,0.574,0.0,0.0,22.0,22,22
2026-02-04,06:00,12,45.1,0.045,2.5,0.003,-425.0,-0.425,467.6,0.468,0.0,0.0,22.0,22,22
2026-02-04,07:00,12,418.1,0.418,89.2,0.089,-96.1,-0.096,425.0,0.425,0.0,0.0,22.3,22,23
2026-02-04,08:00,12,1164.9,1.165,589.2,0.589,-37.7,-0.038,613.4,0.613,0.0,0.0,24.8,23,27
2026-02-04,09:00,12,1873.5,1.873,1084.1,1.084,-104.2,-0.104,893.6,0.894,0.0,0.0,30.5,28,34
2026-02-04,10:00,11,2666.9,2.445,1802.1,1.652,-47.1,-0.043,911.9,0.836,0.0,0.0,38.3,35,44
2026-02-04,11:00,12,3140.7,3.141,2224.6,2.225,-28.2,-0.028,944.2,0.944,0.0,0.0,54.6,46,61
2026-02-04,12:00,11,4728.5,4.335,3137.8,2.876,-83.8,-0.077,1674.5,1.535,0.0,0.0,69.2,61,79
2026-02-04,13:00,12,4196.7,4.197,2597.4,2.597,663.8,0.664,935.5,0.935,0.0,0.0,90.7,81,98
2026-02-04,14:00,12,2948.5,2.949,198.5,0.199,1402.1,1.402,1347.9,1.348,0.0,0.0,99.8,99,100
2026-02-04,15:00,12,1627.9,1.628,-60.0,-0.06,525.2,0.525,1162.7,1.163,0.0,0.0,99.1,99,100
2026-02-04,16:00,12,688.0,0.688,-276.8,-0.277,-7.8,-0.008,972.6,0.973,0.0,0.0,98.4,97,99
2026-02-04,17:00,12,148.4,0.148,-859.2,-0.859,-48.2,-0.048,1055.9,1.056,0.0,0.0,94.1,91,97
2026-02-04,18:00,12,2.7,0.003,-987.3,-0.987,-80.7,-0.081,1070.7,1.071,0.0,0.0,87.5,85,91
2026-02-04,19:00,12,0.0,0.0,-864.0,-0.864,-107.8,-0.108,971.8,0.972,0.0,0.0,80.9,78,84
2026-02-04,20:00,12,0.0,0.0,-798.6,-0.799,-98.2,-0.098,896.8,0.897,0.0,0.0,75.1,73,78
2026-02-04,21:00,12,0.0,0.0,-731.6,-0.732,-95.7,-0.096,827.2,0.827,0.0,0.0,68.8,66,72
2026-02-04,22:00,12,0.0,0.0,-656.2,-0.656,-97.0,-0.097,753.2,0.753,0.0,0.0,63.5,62,66
2026-02-04,23:00,12,0.0,0.0,-473.2,-0.473,-90.3,-0.09,563.6,0.564,0.0,0.0,59.8,58,61
2026-02-05,00:00,12,0.0,0.0,-443.8,-0.444,-89.0,-0.089,532.8,0.533,0.0,0.0,56.4,55,58
2026-02-05,01:00,12,0.0,0.0,-463.0,-0.463,-94.3,-0.094,557.3,0.557,0.0,0.0,53.2,52,55
2026-02-05,02:00,12,0.0,0.0,-591.2,-0.591,-97.0,-0.097,688.2,0.688,0.0,0.0,49.7,48,52
2026-02-05,03:00,12,0.0,0.0,-469.8,-0.47,-94.3,-0.094,564.1,0.564,0.0,0.0,45.7,44,47
2026-02-05,04:00,12,0.0,0.0,-448.2,-0.448,-97.0,-0.097,545.2,0.545,0.0,0.0,42.6,41,44
2026-02-05,05:00,12,0.0,0.0,-442.8,-0.443,-93.0,-0.093,535.8,0.536,0.0,0.0,39.5,38,41
2026-02-05,06:00,12,41.6,0.042,-473.0,-0.473,-13.5,-0.013,528.1,0.528,0.0,0.0,36.2,35,38
2026-02-05,07:00,12,484.2,0.484,51.5,0.052,0.0,0.0,432.8,0.433,0.0,0.0,34.4,34,35
2026-02-05,08:00,12,1262.7,1.263,607.3,0.607,-8.0,-0.008,663.3,0.663,0.0,0.0,36.9,35,39
2026-02-05,09:00,12,2319.8,2.32,1402.6,1.403,-14.7,-0.015,931.8,0.932,0.0,0.0,43.7,39,49
2026-02-05,10:00,12,3224.3,3.224,2500.0,2.5,-9.3,-0.009,733.7,0.734,0.0,0.0,57.6,50,66
2026-02-05,11:00,12,4089.5,4.09,3319.0,3.319,-20.1,-0.02,790.6,0.791,0.0,0.0,78.8,68,89
2026-02-05,12:00,12,3263.5,3.264,1634.6,1.635,707.2,0.707,921.7,0.922,0.0,0.0,96.0,91,99
2026-02-05,13:00,12,3779.2,3.779,0.0,0.0,2701.4,2.701,1077.8,1.078,0.0,0.0,100.0,100,100
2026-02-05,14:00,12,2924.7,2.925,0.0,0.0,1946.6,1.947,978.1,0.978,0.0,0.0,100.0,100,100
2026-02-05,15:00,12,1563.2,1.563,-21.7,-0.022,448.2,0.448,1136.6,1.137,0.0,0.0,99.2,98,100
2026-02-05,16:00,12,576.5,0.577,-6729.3,-6.729,-1093.0,-1.093,8398.8,8.399,0.0,0.0,74.3,50,98
2026-02-05,17:00,12,133.7,0.134,-3040.7,-3.041,-477.8,-0.478,3652.2,3.652,0.0,0.0,32.1,27,45
2026-02-05,18:00,12,0.0,0.0,-795.2,-0.795,-74.0,-0.074,869.2,0.869,0.0,0.0,23.7,21,26
2026-02-05,19:00,12,0.0,0.0,3.8,0.004,-887.0,-0.887,883.2,0.883,0.0,0.0,20.9,20,21
2026-02-05,20:00,12,0.0,0.0,0.0,0.0,-1121.5,-1.121,1121.5,1.121,0.0,0.0,21.0,21,21
2026-02-05,21:00,12,0.0,0.0,0.0,0.0,-803.0,-0.803,803.0,0.803,0.0,0.0,21.0,21,21
2026-02-05,22:00,12,0.0,0.0,0.0,0.0,-1010.3,-1.01,1010.3,1.01,0.0,0.0,21.0,21,21
2026-02-05,23:00,12,0.0,0.0,0.0,0.0,-921.1,-0.921,921.1,0.921,0.0,0.0,21.0,21,21
2026-02-06,00:00,12,0.0,0.0,0.0,0.0,-609.3,-0.609,609.3,0.609,0.0,0.0,21.0,21,21
2026-02-06,01:00,12,0.0,0.0,6.5,0.007,-790.9,-0.791,784.4,0.784,0.0,0.0,21.0,21,21
2026-02-06,02:00,12,0.0,0.0,0.0,0.0,-1322.0,-1.322,1322.0,1.322,0.0,0.0,21.2,21,22
2026-02-06,03:00,12,0.0,0.0,0.0,0.0,-641.8,-0.642,641.8,0.642,0.0,0.0,22.0,22,22
2026-02-06,04:00,12,0.0,0.0,0.0,0.0,-522.5,-0.522,522.5,0.522,0.0,0.0,22.0,22,22
2026-02-06,05:00,12,0.0,0.0,0.0,0.0,-526.6,-0.527,526.6,0.527,0.0,0.0,22.0,22,22
2026-02-06,06:00,12,44.4,0.044,1.8,0.002,-475.1,-0.475,517.8,0.518,0.0,0.0,22.0,22,22
2026-02-06,07:00,12,503.8,0.504,48.1,0.048,-87.7,-0.088,543.4,0.543,0.0,0.0,22.0,22,22
2026-02-06,08:00,12,945.3,0.945,329.2,0.329,-127.1,-0.127,743.2,0.743,0.0,0.0,23.2,23,24
2026-02-06,09:00,12,1809.7,1.81,1181.5,1.181,-5.3,-0.005,633.5,0.634,0.0,0.0,28.7,25,33
2026-02-06,10:00,12,1878.3,1.878,819.0,0.819,-320.8,-0.321,1380.1,1.38,0.0,0.0,35.6,33,38
2026-02-06,11:00,12,1570.4,1.57,482.3,0.482,-37.8,-0.038,1125.8,1.126,0.0,0.0,40.3,39,41
2026-02-06,12:00,12,3341.8,3.342,2447.0,2.447,-30.9,-0.031,925.7,0.926,0.0,0.0,50.6,43,58
2026-02-06,13:00,12,924.0,0.924,80.0,0.08,-14.8,-0.015,858.8,0.859,0.0,0.0,58.2,58,59
2026-02-06,14:00,12,769.2,0.769,-614.7,-0.615,-78.3,-0.078,1462.2,1.462,0.0,0.0,56.8,56,59
2026-02-06,15:00,12,809.6,0.81,26.1,0.026,-18.8,-0.019,802.3,0.802,0.0,0.0,56.0,56,56
2026-02-06,16:00,11,363.3,0.333,-484.4,-0.444,-26.2,-0.024,873.8,0.801,0.0,0.0,54.7,53,56
2026-02-06,17:00,12,91.9,0.092,-624.5,-0.625,-21.3,-0.021,737.8,0.738,0.0,0.0,50.6,48,52
2026-02-06,18:00,12,0.0,0.0,-604.2,-0.604,-64.7,-0.065,668.9,0.669,0.0,0.0,45.7,44,48
2026-02-06,19:00,12,0.0,0.0,-562.1,-0.562,-91.7,-0.092,653.8,0.654,0.0,0.0,41.5,40,43
2026-02-06,20:00,12,0.0,0.0,-634.6,-0.635,-94.3,-0.094,728.9,0.729,0.0,0.0,37.2,35,39
2026-02-06,21:00,12,0.0,0.0,-623.2,-0.623,-95.7,-0.096,718.8,0.719,0.0,0.0,32.9,31,35
2026-02-06,22:00,12,0.0,0.0,-562.1,-0.562,-99.8,-0.1,661.8,0.662,0.0,0.0,28.7,27,30
2026-02-06,23:00,11,0.0,0.0,-435.3,-0.399,-88.3,-0.081,523.5,0.48,0.0,0.0,25.1,24,27
2026-02-07,00:00,12,0.0,0.0,-389.5,-0.39,-183.9,-0.184,573.4,0.573,0.0,0.0,21.8,21,23
2026-02-07,01:00,12,0.0,0.0,0.0,0.0,-529.6,-0.53,529.6,0.53,0.0,0.0,21.0,21,21
2026-02-07,02:00,12,0.0,0.0,0.8,0.001,-552.4,-0.552,551.6,0.552,0.0,0.0,21.0,21,21
2026-02-07,03:00,12,0.0,0.0,3.8,0.004,-556.5,-0.556,552.7,0.553,0.0,0.0,21.0,21,21
2026-02-07,04:00,11,0.0,0.0,0.0,0.0,-539.3,-0.494,539.3,0.494,0.0,0.0,21.0,21,21
2026-02-07,05:00,12,0.0,0.0,0.0,0.0,-594.8,-0.595,594.8,0.595,0.0,0.0,21.0,21,21
2026-02-07,06:00,12,23.8,0.024,0.0,0.0,-537.6,-0.538,561.3,0.561,0.0,0.0,21.0,21,21
2026-02-07,07:00,12,332.7,0.333,25.2,0.025,-238.2,-0.238,545.7,0.546,0.0,0.0,21.0,21,21
2026-02-07,08:00,12,835.5,0.836,153.3,0.153,-64.8,-0.065,747.0,0.747,0.0,0.0,21.8,21,22
2026-02-07,09:00,12,1142.8,1.143,324.9,0.325,-16.0,-0.016,833.9,0.834,0.0,0.0,23.9,23,25
2026-02-07,10:00,12,2041.2,2.041,1248.1,1.248,-74.3,-0.074,867.4,0.867,0.0,0.0,28.8,25,34
2026-02-07,11:00,12,2178.9,2.179,1415.2,1.415,-17.5,-0.018,781.2,0.781,0.0,0.0,40.2,35,44
2026-02-07,12:00,12,2464.8,2.465,1695.7,1.696,-29.4,-0.029,798.5,0.798,0.0,0.0,50.1,45,56
2026-02-07,13:00,12,2135.6,2.136,1377.8,1.378,-25.3,-0.025,783.1,0.783,0.0,0.0,59.8,56,65
2026-02-07,14:00,12,1590.2,1.59,642.2,0.642,-41.4,-0.041,989.4,0.989,0.0,0.0,68.4,66,70
2026-02-07,15:00,12,810.7,0.811,-256.5,-0.257,-52.2,-0.052,1119.3,1.119,0.0,0.0,69.2,68,70
2026-02-07,16:00,9,415.1,0.311,-551.1,-0.413,-33.8,-0.025,1000.0,0.75,0.0,0.0,66.6,65,68
2026-02-07,17:00,12,47.5,0.048,-997.5,-0.998,-26.7,-0.027,1071.7,1.072,0.0,0.0,61.1,57,64
2026-02-07,18:00,12,0.0,0.0,-1221.4,-1.221,-82.1,-0.082,1303.5,1.304,0.0,0.0,52.7,49,57
2026-02-07,19:00,11,0.0,0.0,-928.8,-0.851,-107.2,-0.098,1036.0,0.95,0.0,0.0,44.6,42,48
2026-02-07,20:00,10,0.0,0.0,-872.4,-0.727,-103.4,-0.086,975.8,0.813,0.0,0.0,38.2,36,41
2026-02-07,21:00,11,0.0,0.0,-889.2,-0.815,-105.7,-0.097,994.9,0.912,0.0,0.0,32.6,29,35
2026-02-07,22:00,10,0.0,0.0,-957.9,-0.798,-109.8,-0.091,1067.7,0.89,0.0,0.0,25.3,22,29
2026-02-07,23:00,9,0.0,0.0,-92.8,-0.07,-866.7,-0.65,959.4,0.72,0.0,0.0,21.0,20,22
2026-02-08,00:00,10,0.0,0.0,5.1,0.004,-825.4,-0.688,820.3,0.684,0.0,0.0,21.0,21,21
2026-02-08,01:00,10,0.0,0.0,0.0,0.0,-645.0,-0.538,645.0,0.538,0.0,0.0,21.0,21,21
2026-02-08,02:00,9,0.0,0.0,0.0,0.0,-633.8,-0.475,633.8,0.475,0.0,0.0,21.0,21,21
2026-02-08,03:00,9,0.0,0.0,0.0,0.0,-579.2,-0.434,579.2,0.434,0.0,0.0,21.0,21,21
2026-02-08,04:00,10,0.0,0.0,0.0,0.0,-545.8,-0.455,545.8,0.455,0.0,0.0,21.0,21,21
2026-02-08,05:00,12,0.0,0.0,0.0,0.0,-603.6,-0.604,603.6,0.604,0.0,0.0,21.0,21,21
2026-02-08,06:00,12,8.8,0.009,11.6,0.012,-545.6,-0.546,542.8,0.543,0.0,0.0,21.0,21,21
2026-02-08,07:00,12,167.7,0.168,0.0,0.0,-423.5,-0.423,591.2,0.591,0.0,0.0,21.0,21,21
2026-02-08,08:00,12,513.9,0.514,1.8,0.002,-313.8,-0.314,826.0,0.826,0.0,0.0,21.4,21,22
2026-02-08,09:00,12,764.5,0.765,184.2,0.184,-74.3,-0.074,654.7,0.655,0.0,0.0,22.1,22,23
2026-02-08,10:00,12,868.1,0.868,175.4,0.175,-385.9,-0.386,1078.6,1.079,0.0,0.0,23.2,23,24
2026-02-08,11:00,12,1311.8,1.312,394.2,0.394,-754.4,-0.754,1672.0,1.672,0.0,0.0,25.4,24,26
2026-02-08,12:00,12,1509.3,1.509,820.8,0.821,-6.7,-0.007,695.2,0.695,0.0,0.0,29.2,27,32
2026-02-08,13:00,12,1936.0,1.936,1272.2,1.272,-8.0,-0.008,671.8,0.672,0.0,0.0,36.8,33,41
2026-02-08,14:00,12,1879.1,1.879,1176.5,1.177,-4.0,-0.004,706.6,0.707,0.0,0.0,46.0,42,49
2026-02-08,15:00,12,1248.1,1.248,538.1,0.538,-16.1,-0.016,726.1,0.726,0.0,0.0,51.9,50,53
2026-02-08,16:00,12,623.5,0.624,-201.1,-0.201,-8.0,-0.008,832.6,0.833,0.0,0.0,52.6,50,54
2026-02-08,17:00,12,108.8,0.109,-629.8,-0.63,-4.0,-0.004,742.6,0.743,0.0,0.0,47.5,46,50
2026-02-08,18:00,12,0.0,0.0,-797.9,-0.798,-75.3,-0.075,873.2,0.873,0.0,0.0,42.5,40,45
2026-02-08,19:00,12,0.0,0.0,-809.6,-0.81,-97.0,-0.097,906.6,0.907,0.0,0.0,36.8,34,39
2026-02-08,20:00,12,0.0,0.0,-662.7,-0.663,-98.4,-0.098,761.1,0.761,0.0,0.0,31.2,29,33
2026-02-08,21:00,12,0.0,0.0,-635.9,-0.636,-94.3,-0.094,730.2,0.73,0.0,0.0,26.8,25,29
2026-02-08,22:00,12,0.0,0.0,-564.9,-0.565,-271.8,-0.272,836.8,0.837,0.0,0.0,22.2,21,24
2026-02-08,23:00,12,0.0,0.0,1.2,0.001,-876.2,-0.876,875.0,0.875,0.0,0.0,21.0,21,21
2026-02-09,00:00,12,0.0,0.0,0.0,0.0,-781.3,-0.781,781.3,0.781,0.0,0.0,21.0,21,21
2026-02-09,01:00,12,0.0,0.0,2.9,0.003,-758.2,-0.758,755.3,0.755,0.0,0.0,21.0,21,21
2026-02-09,02:00,12,0.0,0.0,0.0,0.0,-671.7,-0.672,671.7,0.672,0.0,0.0,21.0,21,21
2026-02-09,03:00,12,0.0,0.0,1.2,0.001,-523.9,-0.524,522.7,0.523,0.0,0.0,21.0,21,21
2026-02-09,04:00,12,0.0,0.0,0.0,0.0,-580.9,-0.581,580.9,0.581,0.0,0.0,21.0,21,21
2026-02-09,05:00,12,0.0,0.0,0.0,0.0,-496.8,-0.497,496.8,0.497,0.0,0.0,21.0,21,21
2026-02-09,06:00,12,39.2,0.039,1.7,0.002,-446.8,-0.447,484.3,0.484,0.0,0.0,21.0,21,21
2026-02-09,07:00,12,291.0,0.291,0.0,0.0,-274.6,-0.275,565.6,0.566,0.0,0.0,21.0,21,21
2026-02-09,08:00,12,1074.5,1.075,457.1,0.457,-25.6,-0.026,643.0,0.643,0.0,0.0,22.3,21,24
2026-02-09,09:00,12,2168.5,2.168,1498.6,1.499,-9.3,-0.009,679.2,0.679,0.0,0.0,28.4,25,34
2026-02-09,10:00,12,2594.8,2.595,1123.4,1.123,-29.5,-0.03,1500.9,1.501,0.0,0.0,38.0,34,44
2026-02-09,11:00,12,3455.8,3.456,-2972.3,-2.972,-2011.8,-2.012,8440.0,8.44,0.0,0.0,27.8,20,41
2026-02-09,12:00,12,4217.1,4.217,1664.4,1.664,-1369.6,-1.37,3922.2,3.922,0.0,0.0,24.3,21,31
2026-02-09,13:00,12,4479.4,4.479,3570.7,3.571,-22.7,-0.023,931.4,0.931,0.0,0.0,44.2,33,56
2026-02-09,14:00,12,2562.4,2.562,1621.0,1.621,-21.5,-0.022,962.9,0.963,0.0,0.0,62.0,57,67
2026-02-09,15:00,12,1992.7,1.993,1054.8,1.055,-28.0,-0.028,965.8,0.966,0.0,0.0,71.8,68,75
2026-02-09,16:00,12,927.8,0.928,71.4,0.071,-24.0,-0.024,880.3,0.88,0.0,0.0,75.7,75,76
2026-02-09,17:00,12,153.9,0.154,-3445.2,-3.445,-1029.4,-1.029,4628.6,4.629,0.0,0.0,68.4,51,75
2026-02-09,18:00,12,2.2,0.002,-3635.9,-3.636,-1908.6,-1.909,5546.8,5.547,0.0,0.0,27.8,20,46
2026-02-09,19:00,12,0.0,0.0,2.2,0.002,-832.8,-0.833,830.7,0.831,0.0,0.0,21.0,21,21
2026-02-09,20:00,12,0.0,0.0,0.0,0.0,-1040.2,-1.04,1040.2,1.04,0.0,0.0,21.0,21,21
2026-02-09,21:00,12,0.0,0.0,0.0,0.0,-863.9,-0.864,863.9,0.864,0.0,0.0,21.0,21,21
2026-02-09,22:00,12,0.0,0.0,0.0,0.0,-837.0,-0.837,837.0,0.837,0.0,0.0,21.0,21,21
2026-02-09,23:00,12,0.0,0.0,9.1,0.009,-678.2,-0.678,669.2,0.669,0.0,0.0,21.0,21,21
2026-02-10,00:00,12,0.0,0.0,0.0,0.0,-713.6,-0.714,713.6,0.714,0.0,0.0,21.0,21,21
2026-02-10,01:00,12,0.0,0.0,0.0,0.0,-735.1,-0.735,735.1,0.735,0.0,0.0,21.0,21,21
2026-02-10,02:00,12,0.0,0.0,0.0,0.0,-782.6,-0.783,782.6,0.783,0.0,0.0,21.0,21,21
2026-02-10,03:00,12,0.0,0.0,0.0,0.0,-723.0,-0.723,723.0,0.723,0.0,0.0,21.6,21,22
2026-02-10,04:00,12,0.0,0.0,0.0,0.0,-637.7,-0.638,637.7,0.638,0.0,0.0,22.0,22,22
2026-02-10,05:00,12,0.0,0.0,0.0,0.0,-608.0,-0.608,608.0,0.608,0.0,0.0,22.0,22,22
2026-02-10,06:00,12,45.7,0.046,1.7,0.002,-466.9,-0.467,510.9,0.511,0.0,0.0,22.0,22,22
2026-02-10,07:00,12,472.8,0.473,59.8,0.06,-121.6,-0.122,534.5,0.534,0.0,0.0,22.0,22,22
2026-02-10,08:00,12,1002.9,1.003,433.8,0.434,-5.3,-0.005,574.5,0.575,0.0,0.0,23.5,22,25
2026-02-10,09:00,12,1857.6,1.858,1053.7,1.054,124.7,0.125,679.2,0.679,0.0,0.0,28.9,26,33
2026-02-10,10:00,12,2798.4,2.798,2058.8,2.059,-9.3,-0.009,749.0,0.749,0.0,0.0,40.2,34,47
2026-02-10,11:00,12,3527.4,3.527,1786.9,1.787,-82.2,-0.082,1822.7,1.823,0.0,0.0,55.8,49,59
2026-02-10,12:00,12,3716.3,3.716,2686.9,2.687,-37.6,-0.038,1067.0,1.067,0.0,0.0,69.3,61,78
2026-02-10,13:00,12,4593.1,4.593,2862.8,2.863,386.2,0.386,1344.0,1.344,0.0,0.0,90.7,81,98
2026-02-10,14:00,12,3226.8,3.227,126.2,0.126,1801.6,1.802,1298.9,1.299,0.0,0.0,99.9,99,100
2026-02-10,15:00,12,1884.9,1.885,0.0,0.0,647.2,0.647,1237.8,1.238,0.0,0.0,100.0,100,100
2026-02-10,16:00,12,795.8,0.796,-333.1,-0.333,-30.8,-0.031,1159.6,1.16,0.0,0.0,99.0,98,100
2026-02-10,17:00,12,182.6,0.183,-870.8,-0.871,-29.5,-0.03,1082.9,1.083,0.0,0.0,95.1,92,97
2026-02-10,18:00,12,1.2,0.001,-636.3,-0.636,-63.2,-0.063,700.8,0.701,0.0,0.0,89.5,87,92
2026-02-10,19:00,12,0.0,0.0,-747.5,-0.748,-102.4,-0.102,849.9,0.85,0.0,0.0,84.6,82,87
2026-02-10,20:00,12,0.0,0.0,-760.2,-0.76,-105.0,-0.105,865.2,0.865,0.0,0.0,79.2,77,82
2026-02-10,21:00,12,0.0,0.0,-717.1,-0.717,-103.7,-0.104,820.8,0.821,0.0,0.0,73.9,71,77
2026-02-10,22:00,12,0.0,0.0,-614.8,-0.615,-97.0,-0.097,711.8,0.712,0.0,0.0,68.9,67,71
2026-02-10,23:00,12,0.0,0.0,-538.9,-0.539,-94.3,-0.094,633.2,0.633,0.0,0.0,64.8,63,67
2026-02-11,00:00,12,0.0,0.0,-457.2,-0.457,-91.7,-0.092,548.9,0.549,0.0,0.0,61.1,59,63
2026-02-11,01:00,12,0.0,0.0,-578.8,-0.579,-95.7,-0.096,674.4,0.674,0.0,0.0,57.5,56,59
2026-02-11,02:00,12,0.0,0.0,-567.8,-0.568,-90.2,-0.09,658.1,0.658,0.0,0.0,53.6,52,55
2026-02-11,03:00,12,0.0,0.0,-455.8,-0.456,-90.3,-0.09,546.2,0.546,0.0,0.0,50.2,49,52
2026-02-11,04:00,12,0.0,0.0,-491.9,-0.492,-94.3,-0.094,586.2,0.586,0.0,0.0,46.2,45,48
2026-02-11,05:00,12,0.0,0.0,-392.2,-0.392,-87.7,-0.088,479.8,0.48,0.0,0.0,43.1,42,44
2026-02-11,06:00,12,47.0,0.047,-371.7,-0.372,-13.5,-0.013,432.2,0.432,0.0,0.0,40.1,39,42
2026-02-11,07:00,12,726.7,0.727,194.8,0.195,-12.0,-0.012,543.8,0.544,0.0,0.0,38.6,38,40
2026-02-11,08:00,12,1322.5,1.323,714.0,0.714,-13.4,-0.013,621.9,0.622,0.0,0.0,42.8,40,46
2026-02-11,09:00,12,2174.8,2.175,1274.6,1.275,-26.9,-0.027,927.1,0.927,0.0,0.0,50.6,47,55
2026-02-11,10:00,12,2647.8,2.648,1678.1,1.678,-28.2,-0.028,997.8,0.998,0.0,0.0,61.3,55,68
2026-02-11,11:00,12,3375.9,3.376,2274.3,2.274,-16.0,-0.016,1117.6,1.118,0.0,0.0,75.3,69,84
2026-02-11,12:00,12,4345.4,4.345,2314.6,2.315,923.9,0.924,1106.9,1.107,0.0,0.0,94.3,86,99
2026-02-11,13:00,12,4264.1,4.264,0.0,0.0,3037.4,3.037,1226.7,1.227,0.0,0.0,100.0,100,100
2026-02-11,14:00,12,2534.7,2.535,0.0,0.0,1453.5,1.454,1081.2,1.081,0.0,0.0,100.0,100,100
2026-02-11,15:00,12,1279.8,1.28,-119.1,-0.119,117.8,0.118,1281.1,1.281,0.0,0.0,99.4,99,100
2026-02-11,16:00,12,717.3,0.717,-176.8,-0.177,-7.9,-0.008,902.1,0.902,0.0,0.0,97.9,97,99
2026-02-11,17:00,12,265.6,0.266,-682.6,-0.683,-21.3,-0.021,969.5,0.97,0.0,0.0,94.8,92,97
2026-02-11,18:00,12,3.9,0.004,-1080.9,-1.081,-80.8,-0.081,1165.6,1.166,0.0,0.0,87.8,84,91
2026-02-11,19:00,12,0.0,0.0,-1074.1,-1.074,-111.8,-0.112,1185.8,1.186,0.0,0.0,80.2,77,84
2026-02-11,20:00,12,0.0,0.0,-963.0,-0.963,-107.7,-0.108,1070.7,1.071,0.0,0.0,72.4,69,76
2026-02-11,21:00,12,0.0,0.0,-1398.7,-1.399,-124.0,-0.124,1522.7,1.523,0.0,0.0,62.5,60,67
2026-02-11,22:00,12,0.0,0.0,-769.2,-0.769,-101.0,-0.101,870.2,0.87,0.0,0.0,56.5,54,59
2026-02-11,23:00,12,0.0,0.0,-822.5,-0.823,-103.7,-0.104,926.2,0.926,0.0,0.0,50.6,48,54
2026-02-12,00:00,12,0.0,0.0,-762.8,-0.763,-98.4,-0.098,861.2,0.861,0.0,0.0,44.6,42,47
2026-02-12,01:00,12,0.0,0.0,-577.9,-0.578,-101.0,-0.101,678.9,0.679,0.0,0.0,39.8,38,42
2026-02-12,02:00,12,0.0,0.0,-571.3,-0.571,-97.0,-0.097,668.3,0.668,0.0,0.0,35.8,34,38
2026-02-12,03:00,12,0.0,0.0,-477.8,-0.478,-93.0,-0.093,570.8,0.571,0.0,0.0,31.9,30,33
2026-02-12,04:00,12,0.0,0.0,-441.4,-0.441,-88.9,-0.089,530.3,0.53,0.0,0.0,28.5,27,30
2026-02-12,05:00,12,0.0,0.0,-890.2,-0.89,-536.2,-0.536,1426.4,1.426,0.0,0.0,23.2,20,27
2026-02-12,06:00,12,37.8,0.038,0.0,0.0,-540.2,-0.54,577.9,0.578,0.0,0.0,21.0,21,21
2026-02-12,07:00,12,361.0,0.361,41.0,0.041,-318.1,-0.318,638.1,0.638,0.0,0.0,21.0,21,21
2026-02-12,08:00,12,1113.3,1.113,374.5,0.374,9.6,0.01,729.2,0.729,0.0,0.0,22.2,21,24
2026-02-12,09:00,12,1876.9,1.877,885.3,0.885,-124.2,-0.124,1115.8,1.116,0.0,0.0,26.4,24,30
2026-02-12,10:00,12,2267.2,2.267,1428.6,1.429,-25.3,-0.025,863.9,0.864,0.0,0.0,34.6,31,39
2026-02-12,11:00,12,2634.7,2.635,1591.7,1.592,-34.8,-0.035,1077.8,1.078,0.0,0.0,45.2,40,51
2026-02-12,12:00,12,3156.2,3.156,2206.3,2.206,-32.0,-0.032,981.9,0.982,0.0,0.0,58.2,52,65
2026-02-12,13:00,12,2973.6,2.974,1961.8,1.962,-32.2,-0.032,1044.1,1.044,0.0,0.0,74.2,67,79
2026-02-12,14:00,12,2554.2,2.554,1559.2,1.559,-30.8,-0.031,1025.8,1.026,0.0,0.0,85.4,80,90
2026-02-12,15:00,12,1346.0,1.346,408.8,0.409,-32.2,-0.032,969.3,0.969,0.0,0.0,92.6,91,94
2026-02-12,16:00,12,698.2,0.698,-191.5,-0.192,-21.3,-0.021,911.1,0.911,0.0,0.0,93.0,92,94
2026-02-12,17:00,12,234.7,0.235,-666.2,-0.666,-21.3,-0.021,922.2,0.922,0.0,0.0,89.5,87,92
2026-02-12,18:00,12,2.6,0.003,-864.8,-0.865,-81.9,-0.082,949.2,0.949,0.0,0.0,83.6,81,87
2026-02-12,19:00,12,0.0,0.0,-916.5,-0.916,-101.0,-0.101,1017.5,1.018,0.0,0.0,77.1,74,80
2026-02-12,20:00,12,0.0,0.0,-618.5,-0.619,-91.7,-0.092,710.2,0.71,0.0,0.0,71.7,69,74
2026-02-12,21:00,12,0.0,0.0,-723.3,-0.723,-102.3,-0.102,825.7,0.826,0.0,0.0,66.7,64,69
2026-02-12,22:00,12,0.0,0.0,-678.3,-0.678,-98.3,-0.098,776.7,0.777,0.0,0.0,61.1,59,63
2026-02-12,23:00,12,0.0,0.0,-635.3,-0.635,-97.0,-0.097,732.3,0.732,0.0,0.0,56.8,54,59
2026-02-13,00:00,12,0.0,0.0,-719.9,-0.72,-98.3,-0.098,818.2,0.818,0.0,0.0,52.0,49,54
2026-02-13,01:00,12,0.0,0.0,-681.6,-0.682,-88.9,-0.089,770.5,0.77,0.0,0.0,46.6,45,49
2026-02-13,02:00,12,0.0,0.0,-538.8,-0.539,-94.3,-0.094,633.2,0.633,0.0,0.0,42.6,41,44
2026-02-13,03:00,12,0.0,0.0,-489.7,-0.49,-91.7,-0.092,581.3,0.581,0.0,0.0,38.8,37,41
2026-02-13,04:00,12,0.0,0.0,-443.5,-0.444,-91.7,-0.092,535.2,0.535,0.0,0.0,35.3,34,37
2026-02-13,05:00,12,0.0,0.0,-1530.0,-1.53,-896.5,-0.896,2426.5,2.426,0.0,0.0,30.2,20,34
2026-02-13,06:00,12,28.5,0.029,1.2,0.001,-5063.2,-5.063,5090.5,5.091,0.0,0.0,20.9,20,21
2026-02-13,07:00,12,496.5,0.496,152.7,0.153,-384.7,-0.385,728.5,0.729,0.0,0.0,21.2,21,22
2026-02-13,08:00,12,1335.0,1.335,966.7,0.967,0.0,0.0,368.3,0.368,0.0,0.0,24.7,22,28
2026-02-13,09:00,12,1980.7,1.981,974.2,0.974,-48.7,-0.049,1055.2,1.055,0.0,0.0,30.9,29,34
2026-02-13,10:00,12,2971.0,2.971,2156.4,2.156,-6.7,-0.007,821.2,0.821,0.0,0.0,41.2,35,49
2026-02-13,11:00,12,3490.8,3.491,2668.8,2.669,-12.0,-0.012,833.9,0.834,0.0,0.0,59.8,51,69
2026-02-13,12:00,12,4007.8,4.008,3207.1,3.207,34.2,0.034,766.4,0.766,0.0,0.0,80.6,70,91
2026-02-13,13:00,12,3382.0,3.382,1365.6,1.366,1140.7,1.141,875.8,0.876,0.0,0.0,97.5,93,100
2026-02-13,14:00,12,2205.2,2.205,0.0,0.0,1336.8,1.337,868.5,0.869,0.0,0.0,100.0,100,100
2026-02-13,15:00,12,1858.5,1.859,0.0,0.0,998.2,0.998,860.3,0.86,0.0,0.0,100.0,100,100
2026-02-13,16:00,12,1275.2,1.275,0.0,0.0,496.8,0.497,778.5,0.778,0.0,0.0,99.9,99,100
2026-02-13,17:00,12,213.0,0.213,-507.1,-0.507,0.0,0.0,720.1,0.72,0.0,0.0,98.0,96,99
2026-02-13,18:00,12,3.8,0.004,-707.5,-0.708,-53.9,-0.054,765.2,0.765,0.0,0.0,93.4,91,96
2026-02-13,19:00,12,0.0,0.0,-585.2,-0.585,-93.0,-0.093,678.2,0.678,0.0,0.0,88.8,87,91
2026-02-13,20:00,12,0.0,0.0,-558.2,-0.558,-89.0,-0.089,647.2,0.647,0.0,0.0,84.8,83,87
2026-02-13,21:00,12,0.0,0.0,-499.9,-0.5,-93.0,-0.093,592.9,0.593,0.0,0.0,81.3,79,83
2026-02-13,22:00,12,0.0,0.0,-595.0,-0.595,-97.0,-0.097,692.0,0.692,0.0,0.0,77.2,75,79
2026-02-13,23:00,12,0.0,0.0,-577.4,-0.577,-95.7,-0.096,673.1,0.673,0.0,0.0,73.0,71,75
2026-02-14,00:00,12,0.0,0.0,-426.2,-0.426,-86.3,-0.086,512.6,0.513,0.0,0.0,69.3,68,71
2026-02-14,01:00,12,0.0,0.0,-451.5,-0.452,-89.0,-0.089,540.5,0.54,0.0,0.0,66.2,65,68
2026-02-14,02:00,12,0.0,0.0,-357.2,-0.357,-83.7,-0.084,440.9,0.441,0.0,0.0,63.4,62,65
2026-02-14,03:00,12,0.0,0.0,-459.9,-0.46,-89.0,-0.089,548.9,0.549,0.0,0.0,60.5,59,62
2026-02-14,04:00,12,0.0,0.0,-419.1,-0.419,-89.0,-0.089,508.1,0.508,0.0,0.0,57.8,56,59
2026-02-14,05:00,12,0.0,0.0,-334.6,-0.335,-83.7,-0.084,418.2,0.418,0.0,0.0,55.0,54,56
2026-02-14,06:00,12,35.2,0.035,-281.3,-0.281,-14.8,-0.015,331.4,0.331,0.0,0.0,52.7,52,54
2026-02-14,07:00,12,264.6,0.265,-183.4,-0.183,-2.7,-0.003,450.7,0.451,0.0,0.0,50.8,50,51
2026-02-14,08:00,12,490.9,0.491,-147.3,-0.147,0.0,0.0,638.2,0.638,0.0,0.0,49.5,49,50
2026-02-14,09:00,12,447.5,0.448,-110.9,-0.111,0.0,0.0,558.4,0.558,0.0,0.0,48.2,48,49
2026-02-14,10:00,12,1313.5,1.314,808.5,0.808,0.0,0.0,505.0,0.505,0.0,0.0,49.7,48,53
2026-02-14,11:00,12,5148.0,5.148,4541.8,4.542,-10.7,-0.011,616.8,0.617,0.0,0.0,66.3,54,81
2026-02-14,12:00,12,4331.8,4.332,2410.0,2.41,1124.3,1.124,797.5,0.797,0.0,0.0,93.2,83,99
2026-02-14,13:00,12,3910.2,3.91,111.4,0.111,3097.0,3.097,701.8,0.702,0.0,0.0,99.9,99,100
2026-02-14,14:00,12,2937.9,2.938,0.0,0.0,2191.8,2.192,746.2,0.746,0.0,0.0,100.0,100,100
2026-02-14,15:00,11,1927.4,1.767,0.0,0.0,1152.5,1.056,774.9,0.71,0.0,0.0,100.0,100,100
2026-02-14,16:00,12,783.8,0.784,-98.4,-0.098,143.5,0.144,738.7,0.739,0.0,0.0,99.0,99,99
2026-02-14,17:00,12,198.4,0.198,-504.9,-0.505,0.0,0.0,703.3,0.703,0.0,0.0,97.1,95,99
2026-02-14,18:00,12,0.0,0.0,-702.9,-0.703,-60.7,-0.061,763.6,0.764,0.0,0.0,92.6,90,95
2026-02-14,19:00,12,0.0,0.0,-657.5,-0.657,-94.3,-0.094,751.8,0.752,0.0,0.0,87.7,86,90
2026-02-14,20:00,12,0.0,0.0,-594.7,-0.595,-95.7,-0.096,690.3,0.69,0.0,0.0,83.2,81,85
2026-02-14,21:00,12,0.0,0.0,-538.3,-0.538,-95.7,-0.096,634.0,0.634,0.0,0.0,79.4,78,81
2026-02-14,22:00,12,0.0,0.0,-530.9,-0.531,-97.0,-0.097,627.9,0.628,0.0,0.0,75.8,74,77
2026-02-14,23:00,12,0.0,0.0,-983.8,-0.984,-113.3,-0.113,1097.1,1.097,0.0,0.0,71.0,67,74
2026-02-15,00:00,12,0.0,0.0,-742.9,-0.743,-105.0,-0.105,847.9,0.848,0.0,0.0,63.8,61,66
2026-02-15,01:00,12,0.0,0.0,-889.6,-0.89,-103.7,-0.104,993.2,0.993,0.0,0.0,58.8,57,61
2026-02-15,02:00,12,0.0,0.0,-512.9,-0.513,-98.3,-0.098,611.2,0.611,0.0,0.0,54.8,53,56
2026-02-15,03:00,12,0.0,0.0,-430.8,-0.431,-90.3,-0.09,521.2,0.521,0.0,0.0,51.8,50,53
2026-02-15,04:00,12,0.0,0.0,-436.0,-0.436,-91.7,-0.092,527.7,0.528,0.0,0.0,48.8,47,50
2026-02-15,05:00,12,0.0,0.0,-350.5,-0.351,-86.3,-0.086,436.8,0.437,0.0,0.0,45.9,45,47
2026-02-15,06:00,12,19.8,0.02,-420.3,-0.42,-18.8,-0.019,458.9,0.459,0.0,0.0,42.8,41,44
2026-02-15,07:00,12,167.1,0.167,-357.8,-0.358,-8.0,-0.008,532.9,0.533,0.0,0.0,40.1,39,41
2026-02-15,08:00,12,701.2,0.701,325.4,0.325,-2.7,-0.003,378.5,0.379,0.0,0.0,39.3,39,41
2026-02-15,09:00,12,2171.2,2.171,1838.0,1.838,-9.4,-0.009,342.6,0.343,0.0,0.0,47.5,42,53
2026-02-15,10:00,12,2710.9,2.711,2315.6,2.316,0.0,0.0,395.3,0.395,0.0,0.0,61.3,54,69
2026-02-15,11:00,12,2933.3,2.933,2136.8,2.137,-8.0,-0.008,804.5,0.804,0.0,0.0,76.4,70,83
2026-02-15,12:00,12,2938.8,2.939,-1753.2,-1.753,-182.4,-0.182,4874.3,4.874,0.0,0.0,82.8,70,90
2026-02-15,13:00,12,2793.7,2.794,-5809.9,-5.81,-396.5,-0.397,9000.1,9.0,0.0,0.0,45.2,26,66
2026-02-15,14:00,12,2537.1,2.537,11.6,0.012,-4239.3,-4.239,6764.8,6.765,0.0,0.0,21.2,20,23
2026-02-15,15:00,12,2302.0,2.302,1031.7,1.032,-438.4,-0.438,1708.8,1.709,0.0,0.0,28.2,24,30
2026-02-15,16:00,12,974.8,0.975,45.1,0.045,-266.5,-0.267,1196.2,1.196,0.0,0.0,31.0,31,31
2026-02-15,17:00,12,268.0,0.268,4.3,0.004,-1429.0,-1.429,1692.7,1.693,0.0,0.0,31.0,31,31
2026-02-15,18:00,12,1.2,0.001,19.1,0.019,-1431.7,-1.432,1413.8,1.414,0.0,0.0,31.0,31,31
2026-02-15,19:00,12,0.0,0.0,13.3,0.013,-1124.2,-1.124,1110.9,1.111,0.0,0.0,31.0,31,31
2026-02-15,20:00,12,0.0,0.0,13.7,0.014,-1126.8,-1.127,1113.2,1.113,0.0,0.0,31.0,31,31
2026-02-15,21:00,12,0.0,0.0,14.6,0.015,-1160.8,-1.161,1146.2,1.146,0.0,0.0,31.4,31,32
2026-02-15,22:00,12,0.0,0.0,21.2,0.021,-1045.6,-1.046,1024.4,1.024,0.0,0.0,32.0,32,32
2026-02-15,23:00,12,0.0,0.0,15.3,0.015,-1099.8,-1.1,1084.5,1.085,0.0,0.0,32.0,32,32
2026-02-16,00:00,12,0.0,0.0,11.9,0.012,-851.8,-0.852,839.9,0.84,0.0,0.0,32.0,32,32
2026-02-16,01:00,12,0.0,0.0,3.8,0.004,-683.8,-0.684,680.0,0.68,0.0,0.0,32.0,32,32
2026-02-16,02:00,12,0.0,0.0,2.1,0.002,-648.5,-0.648,646.4,0.646,0.0,0.0,32.0,32,32
2026-02-16,03:00,12,0.0,0.0,0.0,0.0,-609.1,-0.609,609.1,0.609,0.0,0.0,32.0,32,32
2026-02-16,04:00,12,0.0,0.0,0.0,0.0,-667.5,-0.667,667.5,0.667,0.0,0.0,32.0,32,32
2026-02-16,05:00,12,0.0,0.0,0.0,0.0,-864.2,-0.864,864.2,0.864,0.0,0.0,32.0,32,32
2026-02-16,06:00,12,29.8,0.03,0.0,0.0,-1229.9,-1.23,1259.8,1.26,0.0,0.0,32.0,32,32
2026-02-16,07:00,12,463.9,0.464,26.8,0.027,-743.6,-0.744,1180.7,1.181,0.0,0.0,32.0,32,32
2026-02-16,08:00,12,1177.9,1.178,469.7,0.47,-29.7,-0.03,737.9,0.738,0.0,0.0,33.6,33,35
2026-02-16,09:00,12,1834.4,1.834,1479.8,1.48,0.0,0.0,354.6,0.355,0.0,0.0,40.2,36,46
2026-02-16,10:00,12,2543.8,2.544,2002.4,2.002,-22.8,-0.023,564.2,0.564,0.0,0.0,53.1,47,60
2026-02-16,11:00,12,3831.3,3.831,3138.8,3.139,5.4,0.005,687.1,0.687,0.0,0.0,70.5,61,82
2026-02-16,12:00,12,4760.0,4.76,2511.7,2.512,1230.0,1.23,1018.3,1.018,0.0,0.0,93.6,85,99
2026-02-16,13:00,12,4217.6,4.218,-2007.0,-2.007,1014.9,1.015,5209.7,5.21,0.0,0.0,96.7,87,100
2026-02-16,14:00,12,3154.5,3.155,-5442.4,-5.442,-1046.9,-1.047,9643.8,9.644,0.0,0.0,67.2,48,84
2026-02-16,15:00,12,1604.4,1.604,-3451.5,-3.452,-4149.9,-4.15,9205.8,9.206,0.0,0.0,27.2,20,44
2026-02-16,16:00,12,991.2,0.991,0.0,0.0,-2343.7,-2.344,3334.9,3.335,0.0,0.0,21.0,21,21
2026-02-16,17:00,12,283.2,0.283,0.0,0.0,-1103.8,-1.104,1386.9,1.387,0.0,0.0,21.0,21,21
2026-02-16,18:00,12,0.0,0.0,5.6,0.006,-1145.9,-1.146,1140.3,1.14,0.0,0.0,21.0,21,21
2026-02-16,19:00,12,0.0,0.0,0.0,0.0,-1106.4,-1.106,1106.4,1.106,0.0,0.0,21.0,21,21
2026-02-16,20:00,12,0.0,0.0,0.0,0.0,-1021.2,-1.021,1021.2,1.021,0.0,0.0,21.0,21,21
2026-02-16,21:00,12,0.0,0.0,0.0,0.0,-996.8,-0.997,996.8,0.997,0.0,0.0,21.0,21,21
2026-02-16,22:00,12,0.0,0.0,0.0,0.0,-1110.6,-1.111,1110.6,1.111,0.0,0.0,22.0,22,22
2026-02-16,23:00,12,0.0,0.0,7.4,0.007,-837.1,-0.837,829.7,0.83,0.0,0.0,22.0,22,22
2026-02-17,00:00,12,0.0,0.0,0.0,0.0,-700.2,-0.7,700.2,0.7,0.0,0.0,22.0,22,22
2026-02-17,01:00,12,0.0,0.0,1.8,0.002,-613.4,-0.613,611.7,0.612,0.0,0.0,22.0,22,22
2026-02-17,02:00,12,0.0,0.0,0.0,0.0,-644.6,-0.645,644.6,0.645,0.0,0.0,22.0,22,22
2026-02-17,03:00,11,0.0,0.0,0.0,0.0,-534.5,-0.49,534.5,0.49,0.0,0.0,22.0,22,22
2026-02-17,04:00,12,0.0,0.0,0.0,0.0,-602.2,-0.602,602.2,0.602,0.0,0.0,22.0,22,22
2026-02-17,05:00,12,0.0,0.0,1.7,0.002,-584.8,-0.585,583.2,0.583,0.0,0.0,22.0,22,22
2026-02-17,06:00,12,89.1,0.089,10.8,0.011,-452.0,-0.452,530.2,0.53,0.0,0.0,22.0,22,22
2026-02-17,07:00,12,676.4,0.676,18.2,0.018,-354.6,-0.355,1012.8,1.013,0.0,0.0,22.9,22,23
2026-02-17,08:00,12,1504.6,1.505,516.8,0.517,-208.3,-0.208,1196.2,1.196,0.0,0.0,24.1,23,26
2026-02-17,09:00,12,2484.2,2.484,1313.8,1.314,-67.2,-0.067,1237.7,1.238,0.0,0.0,30.6,27,35
2026-02-17,10:00,12,2338.1,2.338,853.4,0.853,-307.0,-0.307,1791.7,1.792,0.0,0.0,38.8,36,43
2026-02-17,11:00,12,4164.8,4.165,2526.5,2.526,-52.3,-0.052,1690.7,1.691,0.0,0.0,53.4,44,62
2026-02-17,12:00,12,5280.2,5.28,3620.2,3.62,-53.8,-0.054,1713.8,1.714,0.0,0.0,75.0,64,86
2026-02-17,13:00,12,3689.2,3.689,1585.4,1.585,413.5,0.414,1690.3,1.69,0.0,0.0,93.3,88,97
2026-02-17,14:00,12,2432.2,2.432,306.8,0.307,600.2,0.6,1525.2,1.525,0.0,0.0,99.4,98,100
2026-02-17,15:00,11,1908.0,1.749,-137.1,-0.126,292.5,0.268,1752.6,1.607,0.0,0.0,99.3,99,100
2026-02-17,16:00,12,860.8,0.861,-548.4,-0.548,-55.0,-0.055,1464.2,1.464,0.0,0.0,97.6,95,99
2026-02-17,17:00,12,170.5,0.171,-895.5,-0.896,-28.0,-0.028,1094.0,1.094,0.0,0.0,91.7,89,95
2026-02-17,18:00,12,1.2,0.001,-1249.2,-1.249,-73.9,-0.074,1324.3,1.324,0.0,0.0,84.2,80,88
2026-02-17,19:00,12,0.0,0.0,-1112.3,-1.112,-105.0,-0.105,1217.3,1.217,0.0,0.0,76.2,73,80
2026-02-17,20:00,12,0.0,0.0,-1162.8,-1.163,-106.3,-0.106,1269.1,1.269,0.0,0.0,67.9,64,72
2026-02-17,21:00,12,0.0,0.0,-1024.1,-1.024,-109.1,-0.109,1133.2,1.133,0.0,0.0,60.3,57,64
2026-02-17,22:00,12,0.0,0.0,-966.8,-0.967,-111.9,-0.112,1078.7,1.079,0.0,0.0,52.7,50,56
2026-02-17,23:00,12,0.0,0.0,-801.7,-0.802,-98.3,-0.098,900.0,0.9,0.0,0.0,46.4,44,49
2026-02-18,00:00,12,0.0,0.0,-670.2,-0.67,-98.4,-0.098,768.7,0.769,0.0,0.0,41.0,39,43
2026-02-18,01:00,12,0.0,0.0,-564.8,-0.565,-93.0,-0.093,657.8,0.658,0.0,0.0,36.7,35,39
2026-02-18,02:00,12,0.0,0.0,-530.5,-0.53,-91.7,-0.092,622.2,0.622,0.0,0.0,32.8,31,34
2026-02-18,03:00,11,0.0,0.0,-567.8,-0.521,-95.5,-0.088,663.4,0.608,0.0,0.0,29.0,27,31
2026-02-18,04:00,11,0.0,0.0,-664.7,-0.609,-516.9,-0.474,1181.6,1.083,0.0,0.0,22.1,21,27
2026-02-18,05:00,9,0.0,0.0,0.0,0.0,-570.6,-0.428,570.6,0.428,0.0,0.0,21.0,21,21
2026-02-18,06:00,10,64.3,0.054,1.5,0.001,-518.3,-0.432,581.1,0.484,0.0,0.0,21.0,21,21
2026-02-18,07:00,10,769.5,0.641,296.6,0.247,-30.8,-0.026,503.7,0.42,0.0,0.0,21.5,21,23
2026-02-18,08:00,10,1631.6,1.36,574.0,0.478,-233.9,-0.195,1291.5,1.076,0.0,0.0,24.5,23,27
2026-02-18,09:00,11,2685.5,2.462,1708.6,1.566,-18.9,-0.017,995.8,0.913,0.0,0.0,33.6,28,39
2026-02-18,10:00,9,3571.9,2.679,2165.1,1.624,-50.0,-0.037,1456.8,1.093,0.0,0.0,45.7,41,51
2026-02-18,11:00,11,4588.5,4.206,3596.3,3.297,-17.5,-0.016,1009.6,0.925,0.0,0.0,64.8,53,76
2026-02-18,12:00,10,4906.5,4.089,2807.5,2.34,990.0,0.825,1109.0,0.924,0.0,0.0,90.3,80,98
2026-02-18,13:00,10,3858.4,3.215,456.6,0.381,1970.3,1.642,1431.5,1.193,0.0,0.0,99.7,99,100
2026-02-18,14:00,10,2682.3,2.235,0.0,0.0,1388.2,1.157,1294.1,1.078,0.0,0.0,100.0,100,100
2026-02-18,15:00,10,1651.7,1.376,-7035.7,-5.863,-370.4,-0.309,9057.8,7.548,0.0,0.0,74.1,53,96
2026-02-18,16:00,12,988.0,0.988,-4223.9,-4.224,-3373.5,-3.373,8585.4,8.585,0.0,0.0,29.2,20,49
2026-02-18,17:00,12,239.3,0.239,0.0,0.0,-2279.8,-2.28,2519.2,2.519,0.0,0.0,21.0,21,21
2026-02-18,18:00,12,11.1,0.011,2.2,0.002,-1086.2,-1.086,1095.1,1.095,0.0,0.0,21.0,21,21
2026-02-18,19:00,12,0.0,0.0,4.8,0.005,-1160.8,-1.161,1156.0,1.156,0.0,0.0,21.0,21,21
2026-02-18,20:00,12,0.0,0.0,1.8,0.002,-1112.0,-1.112,1110.2,1.11,0.0,0.0,21.0,21,21
2026-02-18,21:00,12,0.0,0.0,3.0,0.003,-1213.6,-1.214,1210.6,1.211,0.0,0.0,21.0,21,21
2026-02-18,22:00,12,0.0,0.0,0.0,0.0,-976.4,-0.976,976.4,0.976,0.0,0.0,21.0,21,21
2026-02-18,23:00,12,0.0,0.0,0.0,0.0,-815.2,-0.815,815.2,0.815,0.0,0.0,21.2,21,22
2026-02-19,00:00,12,0.0,0.0,4.3,0.004,-756.8,-0.757,752.5,0.753,0.0,0.0,22.0,22,22
2026-02-19,01:00,12,0.0,0.0,0.0,0.0,-880.3,-0.88,880.3,0.88,0.0,0.0,22.0,22,22
2026-02-19,02:00,12,0.0,0.0,0.0,0.0,-945.2,-0.945,945.2,0.945,0.0,0.0,22.0,22,22
2026-02-19,03:00,12,0.0,0.0,0.0,0.0,-809.9,-0.81,809.9,0.81,0.0,0.0,22.0,22,22
2026-02-19,04:00,12,0.0,0.0,0.0,0.0,-693.3,-0.693,693.3,0.693,0.0,0.0,22.0,22,22
2026-02-19,05:00,12,0.0,0.0,1.8,0.002,-615.8,-0.616,614.0,0.614,0.0,0.0,22.0,22,22
2026-02-19,06:00,12,77.8,0.078,1.8,0.002,-1055.0,-1.055,1131.0,1.131,0.0,0.0,22.0,22,22
2026-02-19,07:00,12,827.1,0.827,133.2,0.133,-265.2,-0.265,959.1,0.959,0.0,0.0,22.2,22,23
2026-02-19,08:00,12,1594.0,1.594,831.6,0.832,-8.0,-0.008,770.4,0.77,0.0,0.0,25.9,24,29
2026-02-19,09:00,12,2672.4,2.672,1521.3,1.521,-40.2,-0.04,1191.3,1.191,0.0,0.0,33.8,30,40
2026-02-19,10:00,12,3761.2,3.761,2808.2,2.808,-13.4,-0.013,966.4,0.966,0.0,0.0,49.3,41,59
2026-02-19,11:00,12,4546.8,4.547,3190.4,3.19,-49.7,-0.05,1406.0,1.406,0.0,0.0,69.6,60,81
2026-02-19,12:00,12,4915.3,4.915,2433.6,2.434,1026.9,1.027,1454.8,1.455,0.0,0.0,92.3,83,99
2026-02-19,13:00,12,4598.2,4.598,0.0,0.0,3111.9,3.112,1486.2,1.486,0.0,0.0,100.0,100,100
2026-02-19,14:00,12,3166.7,3.167,0.0,0.0,1480.5,1.48,1686.2,1.686,0.0,0.0,100.0,100,100
2026-02-19,15:00,12,1558.6,1.559,0.0,0.0,293.6,0.294,1265.0,1.265,0.0,0.0,99.8,99,100
2026-02-19,16:00,12,941.9,0.942,-299.2,-0.299,-49.4,-0.049,1290.5,1.29,0.0,0.0,98.6,97,99
2026-02-19,17:00,12,233.7,0.234,-872.0,-0.872,-52.3,-0.052,1158.0,1.158,0.0,0.0,94.2,91,97
2026-02-19,18:00,12,1.2,0.001,-901.8,-0.902,-76.6,-0.077,979.6,0.98,0.0,0.0,87.6,85,91
2026-02-19,19:00,12,0.0,0.0,-659.2,-0.659,-99.7,-0.1,758.9,0.759,0.0,0.0,82.0,80,84
2026-02-19,20:00,12,0.0,0.0,-647.6,-0.648,-95.7,-0.096,743.2,0.743,0.0,0.0,77.8,75,80
2026-02-19,21:00,12,0.0,0.0,-804.4,-0.804,-98.4,-0.098,902.8,0.903,0.0,0.0,71.8,69,75
2026-02-19,22:00,12,0.0,0.0,-894.4,-0.894,-106.3,-0.106,1000.8,1.001,0.0,0.0,65.9,63,69
2026-02-19,23:00,12,0.0,0.0,-661.8,-0.662,-97.0,-0.097,758.8,0.759,0.0,0.0,60.1,58,62
2026-02-20,00:00,12,0.0,0.0,-542.6,-0.543,-94.3,-0.094,636.9,0.637,0.0,0.0,55.8,54,58
2026-02-20,01:00,12,0.0,0.0,-541.5,-0.541,-91.8,-0.092,633.2,0.633,0.0,0.0,52.0,50,54
2026-02-20,02:00,12,0.0,0.0,-543.5,-0.543,-93.0,-0.093,636.5,0.637,0.0,0.0,48.2,46,50
2026-02-20,03:00,12,0.0,0.0,-870.6,-0.871,-106.3,-0.106,976.9,0.977,0.0,0.0,43.0,40,46
2026-02-20,04:00,12,0.0,0.0,-685.1,-0.685,-99.8,-0.1,784.8,0.785,0.0,0.0,37.5,35,40
2026-02-20,05:00,12,0.0,0.0,-703.7,-0.704,-99.7,-0.1,803.3,0.803,0.0,0.0,32.3,30,35
2026-02-20,06:00,12,52.4,0.052,-489.8,-0.49,-18.8,-0.019,561.1,0.561,0.0,0.0,28.0,26,30
2026-02-20,07:00,12,298.0,0.298,-297.8,-0.298,-12.0,-0.012,607.8,0.608,0.0,0.0,25.0,24,26
2026-02-20,08:00,12,1576.2,1.576,686.0,0.686,-10.7,-0.011,900.9,0.901,0.0,0.0,25.8,24,28
2026-02-20,09:00,12,2395.2,2.395,1473.1,1.473,-16.1,-0.016,938.2,0.938,0.0,0.0,33.2,29,38
2026-02-20,10:00,12,3418.7,3.419,2517.1,2.517,-8.0,-0.008,909.6,0.91,0.0,0.0,47.2,39,55
2026-02-20,11:00,12,4191.6,4.192,3224.5,3.224,-30.8,-0.031,997.9,0.998,0.0,0.0,64.5,56,76
2026-02-20,12:00,12,3967.8,3.968,2495.9,2.496,493.3,0.493,978.6,0.979,0.0,0.0,86.4,78,95
2026-02-20,13:00,12,3348.4,3.348,737.0,0.737,1518.8,1.519,1092.7,1.093,0.0,0.0,98.8,96,100
2026-02-20,14:00,12,2197.2,2.197,-126.6,-0.127,791.2,0.791,1532.6,1.533,0.0,0.0,99.8,99,100
2026-02-20,15:00,12,1428.1,1.428,-197.2,-0.197,197.8,0.198,1427.5,1.427,0.0,0.0,98.5,98,99
2026-02-20,16:00,12,1094.4,1.094,-418.4,-0.418,-22.9,-0.023,1535.8,1.536,0.0,0.0,96.7,95,98
2026-02-20,17:00,12,257.8,0.258,-892.0,-0.892,-40.0,-0.04,1189.8,1.19,0.0,0.0,91.5,89,94
2026-02-20,18:00,12,1.2,0.001,-1197.7,-1.198,-72.6,-0.073,1271.5,1.272,0.0,0.0,84.1,80,88
2026-02-20,19:00,12,0.0,0.0,-1055.0,-1.055,-92.9,-0.093,1147.9,1.148,0.0,0.0,76.4,73,80
2026-02-20,20:00,12,0.0,0.0,-969.1,-0.969,-103.7,-0.104,1072.8,1.073,0.0,0.0,69.2,66,72
2026-02-20,21:00,12,0.0,0.0,-649.8,-0.65,-98.3,-0.098,748.2,0.748,0.0,0.0,63.3,61,66
2026-02-20,22:00,12,0.0,0.0,-768.5,-0.768,-103.7,-0.104,872.2,0.872,0.0,0.0,58.0,55,60
2026-02-20,23:00,12,0.0,0.0,-893.8,-0.894,-106.3,-0.106,1000.1,1.0,0.0,0.0,51.7,49,55
2026-02-21,00:00,12,0.0,0.0,-728.1,-0.728,-99.8,-0.1,827.8,0.828,0.0,0.0,46.0,44,48
2026-02-21,01:00,12,0.0,0.0,-908.8,-0.909,-95.7,-0.096,1004.4,1.004,0.0,0.0,40.1,37,43
2026-02-21,02:00,12,0.0,0.0,-883.8,-0.884,-101.0,-0.101,984.8,0.985,0.0,0.0,33.4,30,36
2026-02-21,03:00,12,0.0,0.0,-711.7,-0.712,-94.3,-0.094,806.0,0.806,0.0,0.0,27.1,25,30
2026-02-21,04:00,12,0.0,0.0,-525.1,-0.525,-87.7,-0.088,612.8,0.613,0.0,0.0,22.8,21,25
2026-02-21,05:00,12,0.0,0.0,-48.5,-0.049,-526.6,-0.527,575.1,0.575,0.0,0.0,20.9,20,21
2026-02-21,06:00,12,64.2,0.064,1.2,0.001,-578.0,-0.578,641.0,0.641,0.0,0.0,21.0,21,21
2026-02-21,07:00,12,737.6,0.738,210.5,0.21,-23.0,-0.023,550.1,0.55,0.0,0.0,21.2,21,22
2026-02-21,08:00,12,1574.4,1.574,709.8,0.71,-21.4,-0.021,886.1,0.886,0.0,0.0,24.6,22,27
2026-02-21,09:00,12,2898.1,2.898,1767.6,1.768,-52.3,-0.052,1182.8,1.183,0.0,0.0,32.3,28,37
2026-02-21,10:00,12,2635.8,2.636,1372.6,1.373,-127.2,-0.127,1390.4,1.39,0.0,0.0,43.0,38,48
2026-02-21,11:00,12,4725.8,4.726,2821.2,2.821,-67.2,-0.067,1971.8,1.972,0.0,0.0,57.8,50,67
2026-02-21,12:00,12,4891.1,4.891,3103.8,3.104,57.2,0.057,1730.1,1.73,0.0,0.0,80.0,69,91
2026-02-21,13:00,12,4686.6,4.687,1367.9,1.368,1770.5,1.77,1548.2,1.548,0.0,0.0,97.4,92,100
2026-02-21,14:00,12,3493.9,3.494,0.0,0.0,2327.5,2.328,1166.4,1.166,0.0,0.0,100.0,100,100
2026-02-21,15:00,12,2113.1,2.113,0.0,0.0,555.1,0.555,1558.0,1.558,0.0,0.0,99.8,99,100
2026-02-21,16:00,12,914.3,0.914,-359.9,-0.36,-57.8,-0.058,1332.0,1.332,0.0,0.0,98.4,97,99
2026-02-21,17:00,12,215.6,0.216,-1165.1,-1.165,-53.8,-0.054,1434.4,1.434,0.0,0.0,92.8,89,96
2026-02-21,18:00,12,3.1,0.003,-1328.0,-1.328,-87.5,-0.088,1418.6,1.419,0.0,0.0,84.0,80,88
2026-02-21,19:00,12,0.0,0.0,-1207.5,-1.208,-111.7,-0.112,1319.2,1.319,0.0,0.0,75.6,72,79
2026-02-21,20:00,12,0.0,0.0,-1185.1,-1.185,-113.1,-0.113,1298.2,1.298,0.0,0.0,67.5,64,71
2026-02-21,21:00,12,0.0,0.0,-1128.8,-1.129,-110.5,-0.111,1239.3,1.239,0.0,0.0,58.8,55,63
2026-02-21,22:00,12,0.0,0.0,-853.6,-0.854,-105.1,-0.105,958.7,0.959,0.0,0.0,51.8,49,55
2026-02-21,23:00,12,0.0,0.0,-668.1,-0.668,-95.7,-0.096,763.8,0.764,0.0,0.0,46.4,44,49
2026-02-22,00:00,12,0.0,0.0,-471.8,-0.472,-85.0,-0.085,556.8,0.557,0.0,0.0,42.3,41,44
2026-02-22,01:00,12,0.0,0.0,-560.3,-0.56,-90.3,-0.09,650.7,0.651,0.0,0.0,38.7,37,40
2026-02-22,02:00,12,0.0,0.0,-452.3,-0.452,-85.0,-0.085,537.3,0.537,0.0,0.0,35.2,34,37
2026-02-22,03:00,12,0.0,0.0,-444.8,-0.445,-85.0,-0.085,529.8,0.53,0.0,0.0,31.8,30,33
2026-02-22,04:00,12,0.0,0.0,-499.2,-0.499,-89.0,-0.089,588.2,0.588,0.0,0.0,28.3,27,30
2026-02-22,05:00,12,0.0,0.0,-419.1,-0.419,-90.3,-0.09,509.4,0.509,0.0,0.0,25.1,24,27
2026-02-22,06:00,12,74.6,0.075,-414.2,-0.414,-8.1,-0.008,496.8,0.497,0.0,0.0,21.8,21,23
2026-02-22,07:00,12,723.2,0.723,188.7,0.189,-198.9,-0.199,733.4,0.733,0.0,0.0,21.2,21,22
2026-02-22,08:00,12,1633.9,1.634,821.4,0.821,-22.8,-0.023,835.3,0.835,0.0,0.0,24.9,22,28
2026-02-22,09:00,12,2676.2,2.676,2082.6,2.083,-6.7,-0.007,600.3,0.6,0.0,0.0,34.8,29,42
2026-02-22,10:00,12,3590.0,3.59,2825.6,2.826,-10.7,-0.011,775.1,0.775,0.0,0.0,51.5,43,60
2026-02-22,11:00,12,4462.4,4.462,3602.4,3.602,-20.2,-0.02,880.2,0.88,0.0,0.0,72.6,62,84
2026-02-22,12:00,12,4137.7,4.138,1905.2,1.905,1318.2,1.318,914.2,0.914,0.0,0.0,93.5,86,98
2026-02-22,13:00,12,4427.1,4.427,304.2,0.304,3124.2,3.124,998.7,0.999,0.0,0.0,99.8,99,100
2026-02-22,14:00,12,3392.2,3.392,0.0,0.0,2395.2,2.395,997.0,0.997,0.0,0.0,100.0,100,100
2026-02-22,15:00,12,1967.5,1.968,-17.3,-0.017,814.2,0.814,1170.7,1.171,0.0,0.0,99.9,99,100
2026-02-22,16:00,12,903.2,0.903,-852.6,-0.853,-59.3,-0.059,1815.1,1.815,0.0,0.0,96.8,94,99
2026-02-22,17:00,12,230.9,0.231,-1259.2,-1.259,-51.1,-0.051,1541.2,1.541,0.0,0.0,89.0,85,93
2026-02-22,18:00,11,2.0,0.002,-1073.3,-0.984,-63.1,-0.058,1138.4,1.043,0.0,0.0,80.5,77,84
2026-02-22,19:00,12,0.0,0.0,-967.7,-0.968,-101.0,-0.101,1068.7,1.069,0.0,0.0,73.6,70,77
2026-02-22,20:00,12,0.0,0.0,-1034.2,-1.034,-107.8,-0.108,1142.1,1.142,0.0,0.0,65.8,62,69
2026-02-22,21:00,12,0.0,0.0,-979.9,-0.98,-103.7,-0.104,1083.6,1.084,0.0,0.0,58.4,55,62
2026-02-22,22:00,12,0.0,0.0,-1075.6,-1.076,-116.0,-0.116,1191.6,1.192,0.0,0.0,51.1,48,54
2026-02-22,23:00,12,0.0,0.0,-899.8,-0.9,-109.1,-0.109,1008.9,1.009,0.0,0.0,43.9,41,47
2026-02-23,00:00,12,0.0,0.0,-713.8,-0.714,-102.4,-0.102,816.2,0.816,0.0,0.0,38.7,36,41
2026-02-23,01:00,12,0.0,0.0,-634.0,-0.634,-101.0,-0.101,735.0,0.735,0.0,0.0,33.5,31,36
2026-02-23,02:00,12,0.0,0.0,-632.8,-0.633,-97.0,-0.097,729.8,0.73,0.0,0.0,28.6,27,31
2026-02-23,03:00,12,0.0,0.0,-636.3,-0.636,-98.3,-0.098,734.7,0.735,0.0,0.0,23.9,22,26
2026-02-23,04:00,12,0.0,0.0,-212.3,-0.212,-361.3,-0.361,573.7,0.574,0.0,0.0,21.2,21,22
2026-02-23,05:00,12,0.0,0.0,3.0,0.003,-574.2,-0.574,571.2,0.571,0.0,0.0,21.0,21,21
2026-02-23,06:00,12,63.6,0.064,0.0,0.0,-480.6,-0.481,544.2,0.544,0.0,0.0,21.0,21,21
2026-02-23,07:00,12,781.1,0.781,258.0,0.258,-197.8,-0.198,720.8,0.721,0.0,0.0,21.2,21,22
2026-02-23,08:00,12,1746.2,1.746,1024.1,1.024,-8.0,-0.008,730.2,0.73,0.0,0.0,25.7,23,29
2026-02-23,09:00,12,2808.5,2.808,1233.9,1.234,-1690.7,-1.691,3265.2,3.265,0.0,0.0,35.2,30,38
2026-02-23,10:00,12,3592.3,3.592,1.8,0.002,-5402.0,-5.402,8992.6,8.993,0.0,0.0,38.0,38,38
2026-02-23,11:00,12,3689.8,3.69,4.2,0.004,-4991.3,-4.991,8676.9,8.677,0.0,0.0,38.0,38,38
2026-02-23,12:00,12,5043.8,5.044,3522.2,3.522,-50.8,-0.051,1572.3,1.572,0.0,0.0,50.9,39,62
2026-02-23,13:00,12,4085.1,4.085,2588.6,2.589,-36.4,-0.036,1532.9,1.533,0.0,0.0,73.0,64,81
2026-02-23,14:00,12,2510.2,2.51,1094.3,1.094,-45.8,-0.046,1461.7,1.462,0.0,0.0,85.9,82,89
2026-02-23,15:00,12,1629.1,1.629,193.1,0.193,-53.8,-0.054,1489.8,1.49,0.0,0.0,90.5,89,91
2026-02-23,16:00,12,807.8,0.808,-636.9,-0.637,-44.0,-0.044,1488.8,1.489,0.0,0.0,88.8,86,91
2026-02-23,17:00,12,221.9,0.222,-1123.2,-1.123,-46.9,-0.047,1392.0,1.392,0.0,0.0,81.9,78,86
2026-02-23,18:00,12,2.4,0.002,-1305.7,-1.306,-83.2,-0.083,1391.3,1.391,0.0,0.0,73.1,69,77
2026-02-23,19:00,12,0.0,0.0,-1116.8,-1.117,-101.0,-0.101,1217.8,1.218,0.0,0.0,64.7,61,68
2026-02-23,20:00,12,0.0,0.0,-1225.7,-1.226,-117.2,-0.117,1342.8,1.343,0.0,0.0,56.5,51,60
2026-02-23,21:00,12,0.0,0.0,-1225.3,-1.225,-110.5,-0.111,1335.8,1.336,0.0,0.0,46.3,43,50
2026-02-23,22:00,12,0.0,0.0,-965.8,-0.966,-109.1,-0.109,1074.9,1.075,0.0,0.0,39.2,36,42
2026-02-23,23:00,12,0.0,0.0,-908.1,-0.908,-107.8,-0.108,1015.8,1.016,0.0,0.0,32.4,29,36
2026-02-24,00:00,12,0.0,0.0,-838.6,-0.839,-103.7,-0.104,942.2,0.942,0.0,0.0,26.0,23,29
2026-02-24,01:00,12,0.0,0.0,-280.8,-0.281,-473.8,-0.474,754.5,0.755,0.0,0.0,21.3,20,23
2026-02-24,02:00,12,0.0,0.0,1.2,0.001,-677.1,-0.677,675.8,0.676,0.0,0.0,21.0,21,21
2026-02-24,03:00,12,0.0,0.0,0.0,0.0,-639.0,-0.639,639.0,0.639,0.0,0.0,21.0,21,21
2026-02-24,04:00,12,0.0,0.0,0.0,0.0,-809.8,-0.81,809.8,0.81,0.0,0.0,21.0,21,21
2026-02-24,05:00,12,0.0,0.0,0.0,0.0,-785.5,-0.785,785.5,0.785,0.0,0.0,21.0,21,21
2026-02-24,06:00,12,15.5,0.015,2.5,0.003,-713.5,-0.714,726.5,0.727,0.0,0.0,21.0,21,21
2026-02-24,07:00,12,426.1,0.426,73.4,0.073,-282.9,-0.283,635.6,0.636,0.0,0.0,21.2,21,22
2026-02-24,08:00,12,1107.2,1.107,564.2,0.564,-5.3,-0.005,548.4,0.548,0.0,0.0,23.5,22,25
2026-02-24,09:00,12,1498.1,1.498,871.0,0.871,-62.2,-0.062,689.2,0.689,0.0,0.0,29.0,26,32
2026-02-24,10:00,12,2043.5,2.043,864.2,0.864,-460.5,-0.461,1639.8,1.64,0.0,0.0,33.8,32,37
2026-02-24,11:00,12,4619.9,4.62,3424.4,3.424,-37.8,-0.038,1233.2,1.233,0.0,0.0,48.0,39,58
2026-02-24,12:00,12,5131.8,5.132,4049.6,4.05,-30.9,-0.031,1113.2,1.113,0.0,0.0,70.1,61,81
2026-02-24,13:00,12,3422.4,3.422,1943.7,1.944,30.2,0.03,1448.6,1.449,0.0,0.0,90.4,83,95
2026-02-24,14:00,12,3026.2,3.026,815.6,0.816,769.4,0.769,1441.2,1.441,0.0,0.0,98.2,96,100
2026-02-24,15:00,12,2004.2,2.004,-19.2,-0.019,835.8,0.836,1187.5,1.188,0.0,0.0,100.0,100,100
2026-02-24,16:00,12,692.8,0.693,-604.7,-0.605,-46.8,-0.047,1344.3,1.344,0.0,0.0,97.8,96,100
2026-02-24,17:00,12,210.1,0.21,-976.2,-0.976,-49.7,-0.05,1235.9,1.236,0.0,0.0,92.2,89,95
2026-02-24,18:00,12,1.2,0.001,-1516.3,-1.516,-81.9,-0.082,1599.5,1.6,0.0,0.0,83.2,79,88
2026-02-24,19:00,12,0.0,0.0,-1112.8,-1.113,-103.7,-0.104,1216.4,1.216,0.0,0.0,74.3,71,78
2026-02-24,20:00,12,0.0,0.0,-816.4,-0.816,-99.7,-0.1,916.1,0.916,0.0,0.0,67.6,64,70
2026-02-24,21:00,12,0.0,0.0,-1050.6,-1.051,-101.1,-0.101,1151.7,1.152,0.0,0.0,60.4,57,64
2026-02-24,22:00,12,0.0,0.0,-999.6,-1.0,-106.3,-0.106,1105.9,1.106,0.0,0.0,53.2,50,56
2026-02-24,23:00,12,0.0,0.0,-731.8,-0.732,-101.0,-0.101,832.8,0.833,0.0,0.0,47.0,45,50
2026-02-25,00:00,12,0.0,0.0,-532.5,-0.532,-94.3,-0.094,626.8,0.627,0.0,0.0,42.5,41,44
2026-02-25,01:00,12,0.0,0.0,-615.0,-0.615,-94.4,-0.094,709.4,0.709,0.0,0.0,38.5,37,40
2026-02-25,02:00,12,0.0,0.0,-803.5,-0.803,-103.7,-0.104,907.2,0.907,0.0,0.0,34.0,31,36
2026-02-25,03:00,12,0.0,0.0,-889.8,-0.89,-106.3,-0.106,996.1,0.996,0.0,0.0,27.8,25,31
2026-02-25,04:00,12,0.0,0.0,-663.2,-0.663,-313.8,-0.314,977.1,0.977,0.0,0.0,21.8,21,24
2026-02-25,05:00,12,0.0,0.0,1.7,0.002,-792.3,-0.792,790.7,0.791,0.0,0.0,21.0,21,21
2026-02-25,06:00,12,117.1,0.117,0.0,0.0,-622.8,-0.623,739.9,0.74,0.0,0.0,21.0,21,21
2026-02-25,07:00,12,881.8,0.882,298.0,0.298,-73.0,-0.073,656.8,0.657,0.0,0.0,21.4,21,23
2026-02-25,08:00,12,1827.8,1.828,1085.0,1.085,-10.8,-0.011,753.6,0.754,0.0,0.0,25.8,23,29
2026-02-25,09:00,12,2663.6,2.664,1692.2,1.692,-47.4,-0.047,1018.8,1.019,0.0,0.0,35.5,30,41
2026-02-25,10:00,12,3028.4,3.028,2144.2,2.144,-20.1,-0.02,904.2,0.904,0.0,0.0,50.2,42,58
2026-02-25,11:00,12,4263.2,4.263,3141.1,3.141,-44.4,-0.044,1166.6,1.167,0.0,0.0,69.2,60,79
2026-02-25,12:00,12,5235.2,5.235,2819.2,2.819,487.8,0.488,1928.2,1.928,0.0,0.0,90.0,81,97
2026-02-25,13:00,12,4721.3,4.721,503.9,0.504,2451.9,2.452,1765.5,1.766,0.0,0.0,99.5,98,100
2026-02-25,14:00,12,3437.2,3.437,0.0,0.0,2178.3,2.178,1258.9,1.259,0.0,0.0,100.0,100,100
2026-02-25,15:00,12,1988.9,1.989,0.0,0.0,725.9,0.726,1263.0,1.263,0.0,0.0,100.0,100,100
2026-02-25,16:00,12,962.7,0.963,-505.5,-0.506,13.8,0.014,1454.3,1.454,0.0,0.0,98.5,96,100
2026-02-25,17:00,12,217.9,0.218,-1175.7,-1.176,-49.4,-0.049,1443.0,1.443,0.0,0.0,91.8,88,96
2026-02-25,18:00,12,3.5,0.004,-1232.9,-1.233,-77.9,-0.078,1314.3,1.314,0.0,0.0,82.8,79,87
2026-02-25,19:00,12,0.0,0.0,-1106.3,-1.106,-99.7,-0.1,1206.0,1.206,0.0,0.0,75.0,72,78
2026-02-25,20:00,12,0.0,0.0,-1109.2,-1.109,-105.0,-0.105,1214.2,1.214,0.0,0.0,67.2,64,71
2026-02-25,21:00,12,0.0,0.0,-786.3,-0.786,-107.7,-0.108,894.0,0.894,0.0,0.0,59.7,57,63
2026-02-25,22:00,12,0.0,0.0,-720.8,-0.721,-95.7,-0.096,816.5,0.817,0.0,0.0,54.3,52,57
2026-02-25,23:00,12,0.0,0.0,-822.2,-0.822,-99.7,-0.1,921.9,0.922,0.0,0.0,49.0,46,52
2026-02-26,00:00,12,0.0,0.0,-890.6,-0.891,-105.0,-0.105,995.6,0.996,0.0,0.0,42.8,40,46
2026-02-26,01:00,12,0.0,0.0,-906.6,-0.907,-107.7,-0.108,1014.2,1.014,0.0,0.0,36.1,33,39
2026-02-26,02:00,12,0.0,0.0,-867.2,-0.867,-103.8,-0.104,971.0,0.971,0.0,0.0,29.2,26,33
2026-02-26,03:00,12,0.0,0.0,-580.2,-0.58,-95.7,-0.096,675.8,0.676,0.0,0.0,23.8,22,26
2026-02-26,04:00,12,0.0,0.0,-174.5,-0.175,-418.2,-0.418,592.7,0.593,0.0,0.0,21.1,21,22
2026-02-26,05:00,12,0.0,0.0,1.2,0.001,-557.8,-0.558,556.5,0.556,0.0,0.0,21.0,21,21
2026-02-26,06:00,12,76.7,0.077,0.0,0.0,-531.9,-0.532,608.6,0.609,0.0,0.0,21.0,21,21
2026-02-26,07:00,12,849.2,0.849,305.4,0.305,-78.4,-0.078,622.2,0.622,0.0,0.0,21.2,21,22
2026-02-26,08:00,12,1853.8,1.854,956.2,0.956,-91.9,-0.092,989.4,0.989,0.0,0.0,26.0,23,30
2026-02-26,09:00,12,2826.1,2.826,1766.1,1.766,-14.7,-0.015,1074.7,1.075,0.0,0.0,35.9,31,42
2026-02-26,10:00,12,3646.0,3.646,2435.5,2.436,-34.8,-0.035,1245.3,1.245,0.0,0.0,49.4,43,58
2026-02-26,11:00,12,4825.2,4.825,3790.8,3.791,-21.5,-0.022,1055.8,1.056,0.0,0.0,70.8,59,82
2026-02-26,12:00,12,4907.8,4.908,2096.9,2.097,1597.2,1.597,1213.7,1.214,0.0,0.0,93.4,84,99
2026-02-26,13:00,12,4576.4,4.576,250.8,0.251,3176.9,3.177,1148.7,1.149,0.0,0.0,99.8,99,100
2026-02-26,14:00,12,3520.4,3.52,0.0,0.0,2466.9,2.467,1053.5,1.054,0.0,0.0,100.0,100,100
2026-02-26,15:00,12,1738.3,1.738,0.0,0.0,599.8,0.6,1138.5,1.139,0.0,0.0,99.8,99,100
2026-02-26,16:00,12,911.5,0.911,-219.2,-0.219,80.1,0.08,1050.7,1.051,0.0,0.0,98.8,98,99
2026-02-26,17:00,12,206.9,0.207,-1058.8,-1.059,-48.2,-0.048,1313.9,1.314,0.0,0.0,94.2,90,97
2026-02-26,18:00,12,2.5,0.003,-1051.7,-1.052,-73.8,-0.074,1128.0,1.128,0.0,0.0,85.9,83,90
2026-02-26,19:00,12,0.0,0.0,-1146.9,-1.147,-106.4,-0.106,1253.3,1.253,0.0,0.0,78.8,75,82
2026-02-26,20:00,12,0.0,0.0,-1144.2,-1.144,-109.2,-0.109,1253.4,1.253,0.0,0.0,70.3,67,74
2026-02-26,21:00,12,0.0,0.0,-1143.1,-1.143,-109.0,-0.109,1252.1,1.252,0.0,0.0,62.1,58,66
2026-02-26,22:00,12,0.0,0.0,-1041.1,-1.041,-111.8,-0.112,1152.8,1.153,0.0,0.0,54.2,51,58
2026-02-26,23:00,12,0.0,0.0,-1049.3,-1.049,-105.0,-0.105,1154.3,1.154,0.0,0.0,46.5,43,50
2026-02-27,00:00,12,0.0,0.0,-907.3,-0.907,-94.3,-0.094,1001.7,1.002,0.0,0.0,39.3,37,43
2026-02-27,01:00,12,0.0,0.0,-497.2,-0.497,-87.7,-0.088,584.9,0.585,0.0,0.0,34.5,33,36
2026-02-27,02:00,12,0.0,0.0,-503.2,-0.503,-87.7,-0.088,590.8,0.591,0.0,0.0,31.1,30,33
2026-02-27,03:00,12,0.0,0.0,-488.2,-0.488,-90.3,-0.09,578.6,0.579,0.0,0.0,27.8,26,29
2026-02-27,04:00,12,0.0,0.0,-436.8,-0.437,-87.7,-0.088,524.5,0.524,0.0,0.0,24.4,23,26
2026-02-27,05:00,12,0.0,0.0,-286.3,-0.286,-208.2,-0.208,494.6,0.495,0.0,0.0,21.7,21,23
2026-02-27,06:00,12,87.2,0.087,3.4,0.003,-592.9,-0.593,676.8,0.677,0.0,0.0,21.0,21,21
2026-02-27,07:00,12,787.8,0.788,272.8,0.273,-46.0,-0.046,561.1,0.561,0.0,0.0,21.2,21,22
2026-02-27,08:00,12,1660.5,1.661,902.7,0.903,-21.5,-0.022,779.3,0.779,0.0,0.0,25.2,23,29
2026-02-27,09:00,12,2353.8,2.354,1463.4,1.463,-91.9,-0.092,982.3,0.982,0.0,0.0,35.2,30,39
2026-02-27,10:00,12,2456.9,2.457,1208.2,1.208,-167.9,-0.168,1416.7,1.417,0.0,0.0,41.7,39,45
2026-02-27,11:00,12,3034.2,3.034,2005.5,2.006,-28.3,-0.028,1057.1,1.057,0.0,0.0,54.2,47,60
2026-02-27,12:00,12,3533.2,3.533,2565.8,2.566,-12.0,-0.012,979.5,0.98,0.0,0.0,67.6,60,76
2026-02-27,13:00,12,4278.0,4.278,-596.0,-0.596,-355.9,-0.356,5229.9,5.23,0.0,0.0,80.4,73,86
2026-02-27,14:00,12,3206.6,3.207,-5398.8,-5.399,-475.0,-0.475,9080.4,9.08,0.0,0.0,52.8,34,70
2026-02-27,15:00,12,1968.0,1.968,-1516.4,-1.516,-3002.1,-3.002,6486.5,6.487,0.0,0.0,22.2,20,30
2026-02-27,16:00,12,1020.8,1.021,21.3,0.021,-541.6,-0.542,1541.1,1.541,0.0,0.0,21.0,21,21
2026-02-27,17:00,12,232.5,0.233,5.9,0.006,-1139.1,-1.139,1365.7,1.366,0.0,0.0,21.0,21,21
2026-02-27,18:00,12,2.5,0.003,1.8,0.002,-1151.1,-1.151,1151.8,1.152,0.0,0.0,21.9,21,22
2026-02-27,19:00,12,0.0,0.0,0.0,0.0,-1201.3,-1.201,1201.3,1.201,0.0,0.0,22.0,22,22
2026-02-27,20:00,12,0.0,0.0,0.0,0.0,-1098.5,-1.099,1098.5,1.099,0.0,0.0,22.0,22,22
2026-02-27,21:00,12,0.0,0.0,0.0,0.0,-1067.2,-1.067,1067.2,1.067,0.0,0.0,22.0,22,22
2026-02-27,22:00,12,0.0,0.0,1.8,0.002,-965.5,-0.966,963.8,0.964,0.0,0.0,22.0,22,22
2026-02-27,23:00,12,0.0,0.0,3.9,0.004,-717.8,-0.718,713.8,0.714,0.0,0.0,22.0,22,22
2026-02-28,00:00,12,0.0,0.0,0.0,0.0,-654.1,-0.654,654.1,0.654,0.0,0.0,22.0,22,22
2026-02-28,01:00,12,0.0,0.0,0.0,0.0,-651.2,-0.651,651.2,0.651,0.0,0.0,22.0,22,22
2026-02-28,02:00,12,0.0,0.0,3.0,0.003,-564.7,-0.565,561.7,0.562,0.0,0.0,22.2,22,23
2026-02-28,03:00,11,0.0,0.0,0.0,0.0,-556.7,-0.51,556.7,0.51,0.0,0.0,23.0,23,23
2026-02-28,04:00,12,0.0,0.0,0.0,0.0,-499.4,-0.499,499.4,0.499,0.0,0.0,23.0,23,23
2026-02-28,05:00,12,0.0,0.0,3.8,0.004,-567.3,-0.567,563.5,0.564,0.0,0.0,23.0,23,23
2026-02-28,06:00,12,99.3,0.099,0.4,0.0,-491.4,-0.491,590.3,0.59,0.0,0.0,23.0,23,23
2026-02-28,07:00,12,860.4,0.86,138.7,0.139,-175.8,-0.176,897.6,0.898,0.0,0.0,23.2,23,24
2026-02-28,08:00,12,1827.9,1.828,1002.1,1.002,-14.8,-0.015,840.7,0.841,0.0,0.0,27.2,24,31
2026-02-28,09:00,12,2241.4,2.241,1508.2,1.508,-51.2,-0.051,784.5,0.784,0.0,0.0,36.9,32,43
2026-02-28,10:00,12,3374.2,3.374,2503.3,2.503,-26.7,-0.027,897.6,0.898,0.0,0.0,52.3,45,61
2026-02-28,11:00,12,4426.5,4.426,3489.7,3.49,-13.4,-0.013,950.2,0.95,0.0,0.0,74.7,63,87
2026-02-28,12:00,12,5158.5,5.159,1752.4,1.752,2357.2,2.357,1048.8,1.049,0.0,0.0,96.2,90,100
2026-02-28,13:00,12,4569.2,4.569,0.0,0.0,3548.2,3.548,1021.0,1.021,0.0,0.0,100.0,100,100
2026-02-28,14:00,12,3373.7,3.374,-2347.0,-2.347,1246.5,1.246,4474.2,4.474,0.0,0.0,96.8,85,100
2026-02-28,15:00,11,1959.0,1.796,-6717.1,-6.157,-778.4,-0.714,9454.5,8.667,0.0,0.0,60.8,36,82
2026-02-28,16:00,12,890.2,0.89,-1884.1,-1.884,-5702.8,-5.703,8477.1,8.477,0.0,0.0,22.2,20,31
2026-02-28,17:00,12,205.9,0.206,0.0,0.0,-1000.9,-1.001,1206.8,1.207,0.0,0.0,21.0,21,21
2026-02-28,18:00,12,2.5,0.003,2.2,0.002,-1185.2,-1.185,1185.5,1.185,0.0,0.0,21.0,21,21
2026-02-28,19:00,12,0.0,0.0,6.4,0.006,-1289.4,-1.289,1283.0,1.283,0.0,0.0,21.0,21,21
2026-02-28,20:00,10,0.0,0.0,0.0,0.0,-1097.1,-0.914,1097.1,0.914,0.0,0.0,21.0,21,21
2026-02-28,21:00,12,0.0,0.0,0.0,0.0,-1048.3,-1.048,1048.3,1.048,0.0,0.0,21.0,21,21
2026-02-28,22:00,12,0.0,0.0,0.0,0.0,-1041.6,-1.042,1041.6,1.042,0.0,0.0,21.0,21,21
2026-02-28,23:00,12,0.0,0.0,0.0,0.0,-983.0,-0.983,983.0,0.983,0.0,0.0,21.9,21,22
