Date,Hour,Readings,Avg_PV_W,PV_Energy_kWh,Avg_Battery_W,Battery_Energy_kWh,Avg_Grid_W,Grid_Energy_kWh,Avg_GridLoad_W,GridLoad_Energy_kWh,Avg_BackupLoad_W,BackupLoad_Energy_kWh,Avg_SOC_Pct,Min_SOC_Pct,Max_SOC_Pct
2026-07-01,00:00,12,0.0,0.0,0.0,0.0,-1105.1,-1.105,1105.1,1.105,0.0,0.0,11.0,11,11
2026-07-01,01:00,11,0.0,0.0,0.0,0.0,-1028.3,-0.943,1028.3,0.943,0.0,0.0,11.0,11,11
2026-07-01,02:00,11,0.0,0.0,0.0,0.0,-661.8,-0.607,661.8,0.607,0.0,0.0,11.0,11,11
2026-07-01,03:00,10,0.0,0.0,0.0,0.0,-624.1,-0.52,624.1,0.52,0.0,0.0,11.0,11,11
2026-07-01,04:00,12,0.0,0.0,0.0,0.0,-908.8,-0.909,908.8,0.909,0.0,0.0,11.2,11,12
2026-07-01,05:00,12,53.2,0.053,0.0,0.0,-450.8,-0.451,504.1,0.504,0.0,0.0,12.0,12,12
2026-07-01,06:00,12,640.9,0.641,213.1,0.213,-93.2,-0.093,521.0,0.521,0.0,0.0,12.2,12,13
2026-07-01,07:00,12,1520.3,1.52,917.7,0.918,0.0,0.0,602.7,0.603,0.0,0.0,16.0,13,19
2026-07-01,08:00,12,1506.4,1.506,901.4,0.901,-4.0,-0.004,609.0,0.609,0.0,0.0,21.7,19,25
2026-07-01,09:00,12,2498.7,2.499,1381.2,1.381,-40.2,-0.04,1157.6,1.158,0.0,0.0,31.0,26,36
2026-07-01,10:00,12,2999.9,3.0,1908.2,1.908,-37.4,-0.037,1129.2,1.129,0.0,0.0,41.2,36,49
2026-07-01,11:00,12,3815.3,3.815,2470.5,2.47,-59.1,-0.059,1403.9,1.404,0.0,0.0,58.2,50,65
2026-07-01,12:00,11,625.2,0.573,-1278.0,-1.171,-57.3,-0.052,1960.5,1.797,0.0,0.0,60.5,57,65
2026-07-01,13:00,11,527.8,0.484,-812.8,-0.745,-51.1,-0.047,1391.7,1.276,0.0,0.0,53.6,51,56
2026-07-01,14:00,12,1431.2,1.431,-21.8,-0.022,-59.2,-0.059,1512.2,1.512,0.0,0.0,48.7,47,50
2026-07-01,15:00,12,1546.1,1.546,238.3,0.238,-47.1,-0.047,1354.8,1.355,0.0,0.0,51.3,51,52
2026-07-01,16:00,12,750.8,0.751,-474.1,-0.474,-52.5,-0.052,1277.3,1.277,0.0,0.0,50.5,48,52
2026-07-01,17:00,12,249.8,0.25,-863.7,-0.864,-34.8,-0.035,1148.2,1.148,0.0,0.0,44.5,42,47
2026-07-01,18:00,12,14.7,0.015,-1339.5,-1.34,-33.5,-0.034,1387.7,1.388,0.0,0.0,37.2,33,41
2026-07-01,19:00,11,0.0,0.0,-1168.5,-1.071,-95.5,-0.088,1264.1,1.159,0.0,0.0,27.8,23,33
2026-07-01,20:00,11,0.0,0.0,-1025.4,-0.94,-104.3,-0.096,1129.6,1.036,0.0,0.0,18.9,15,23
2026-07-01,21:00,11,0.0,0.0,-673.9,-0.618,-469.5,-0.43,1143.4,1.048,0.0,0.0,12.1,10,15
2026-07-01,22:00,12,0.0,0.0,5.2,0.005,-1107.8,-1.108,1102.7,1.103,0.0,0.0,11.0,11,11
2026-07-01,23:00,12,0.0,0.0,0.0,0.0,-862.6,-0.863,862.6,0.863,0.0,0.0,11.0,11,11
2026-07-02,00:00,11,0.0,0.0,0.9,0.001,-775.6,-0.711,774.7,0.71,0.0,0.0,11.0,11,11
2026-07-02,01:00,11,0.0,0.0,2.8,0.003,-753.5,-0.691,750.7,0.688,0.0,0.0,11.0,11,11
2026-07-02,02:00,11,0.0,0.0,0.0,0.0,-677.9,-0.621,677.9,0.621,0.0,0.0,11.0,11,11
2026-07-02,03:00,12,0.0,0.0,0.0,0.0,-671.8,-0.672,671.8,0.672,0.0,0.0,11.0,11,11
2026-07-02,04:00,12,0.0,0.0,2.5,0.003,-976.7,-0.977,974.2,0.974,0.0,0.0,11.0,11,11
2026-07-02,05:00,12,11.1,0.011,0.0,0.0,-584.9,-0.585,596.0,0.596,0.0,0.0,11.0,11,11
2026-07-02,06:00,12,434.0,0.434,42.8,0.043,-341.0,-0.341,732.2,0.732,0.0,0.0,11.1,11,12
2026-07-02,07:00,12,1626.2,1.626,868.4,0.868,-1.3,-0.001,759.2,0.759,0.0,0.0,14.5,12,18
2026-07-02,08:00,12,1412.8,1.413,672.2,0.672,-37.8,-0.038,778.2,0.778,0.0,0.0,19.9,18,22
2026-07-02,09:00,12,2065.2,2.065,722.6,0.723,-133.6,-0.134,1476.2,1.476,0.0,0.0,25.2,23,28
2026-07-02,10:00,12,2346.5,2.347,1247.8,1.248,-30.7,-0.031,1129.4,1.129,0.0,0.0,31.6,28,37
2026-07-02,11:00,12,3780.4,3.78,2226.5,2.227,-38.8,-0.039,1592.7,1.593,0.0,0.0,45.4,38,53
2026-07-02,12:00,12,2706.9,2.707,574.1,0.574,-39.1,-0.039,2171.9,2.172,0.0,0.0,58.0,55,60
2026-07-02,13:00,12,1440.8,1.441,-4988.8,-4.989,-595.8,-0.596,7025.3,7.025,0.0,0.0,44.7,22,59
2026-07-02,14:00,12,1888.2,1.888,-957.5,-0.958,-5847.5,-5.848,8693.2,8.693,0.0,0.0,11.8,10,18
2026-07-02,15:00,12,2560.7,2.561,290.7,0.291,-4022.3,-4.022,6292.3,6.292,0.0,0.0,11.3,11,13
2026-07-02,16:00,12,1432.0,1.432,102.9,0.103,-276.1,-0.276,1605.2,1.605,0.0,0.0,13.9,13,14
2026-07-02,17:00,12,506.7,0.507,0.0,0.0,-858.7,-0.859,1365.3,1.365,0.0,0.0,14.0,14,14
2026-07-02,18:00,11,42.5,0.039,0.0,0.0,-1399.4,-1.283,1441.8,1.322,0.0,0.0,14.0,14,14
2026-07-02,19:00,9,0.0,0.0,0.0,0.0,-1553.3,-1.165,1553.3,1.165,0.0,0.0,14.0,14,14
2026-07-02,20:00,11,0.0,0.0,0.0,0.0,-1421.5,-1.303,1421.5,1.303,0.0,0.0,14.6,14,15
2026-07-02,21:00,10,0.0,0.0,0.0,0.0,-1245.1,-1.038,1245.1,1.038,0.0,0.0,15.0,15,15
2026-07-02,22:00,11,0.0,0.0,0.0,0.0,-1372.7,-1.258,1372.7,1.258,0.0,0.0,15.0,15,15
2026-07-02,23:00,11,0.0,0.0,5.0,0.005,-1146.6,-1.051,1141.6,1.046,0.0,0.0,15.0,15,15
2026-07-03,00:00,12,0.0,0.0,1.2,0.001,-977.8,-0.978,976.5,0.977,0.0,0.0,15.0,15,15
2026-07-03,01:00,12,0.0,0.0,0.0,0.0,-962.9,-0.963,962.9,0.963,0.0,0.0,15.0,15,15
2026-07-03,02:00,10,0.0,0.0,0.0,0.0,-745.8,-0.622,745.8,0.622,0.0,0.0,15.0,15,15
2026-07-03,03:00,12,0.0,0.0,0.0,0.0,-925.1,-0.925,925.1,0.925,0.0,0.0,15.0,15,15
2026-07-03,04:00,12,0.0,0.0,1.2,0.001,-842.3,-0.842,841.1,0.841,0.0,0.0,15.0,15,15
2026-07-03,05:00,12,16.2,0.016,0.0,0.0,-589.0,-0.589,605.2,0.605,0.0,0.0,15.0,15,15
2026-07-03,06:00,12,422.1,0.422,83.0,0.083,-232.8,-0.233,571.9,0.572,0.0,0.0,15.2,15,16
2026-07-03,07:00,12,1429.2,1.429,758.0,0.758,0.0,0.0,671.2,0.671,0.0,0.0,18.2,16,21
2026-07-03,08:00,12,2384.9,2.385,1538.6,1.539,0.0,0.0,846.3,0.846,0.0,0.0,26.7,22,32
2026-07-03,09:00,12,2967.0,2.967,1389.6,1.39,-10.7,-0.011,1588.1,1.588,0.0,0.0,37.5,33,42
2026-07-03,10:00,12,3071.5,3.071,1799.3,1.799,-40.1,-0.04,1312.2,1.312,0.0,0.0,49.2,44,55
2026-07-03,11:00,12,2998.8,2.999,1392.6,1.393,-33.7,-0.034,1639.9,1.64,0.0,0.0,61.4,56,65
2026-07-03,12:00,12,4704.7,4.705,2123.6,2.124,-44.2,-0.044,2625.3,2.625,0.0,0.0,72.1,66,78
2026-07-03,13:00,12,2852.2,2.852,280.8,0.281,-52.6,-0.053,2624.1,2.624,0.0,0.0,79.2,78,82
2026-07-03,14:00,12,2105.3,2.105,21.3,0.021,-48.5,-0.049,2132.5,2.132,0.0,0.0,84.7,82,86
2026-07-03,15:00,12,1523.8,1.524,126.0,0.126,-46.9,-0.047,1444.8,1.445,0.0,0.0,82.2,81,83
2026-07-03,16:00,12,1016.3,1.016,-482.9,-0.483,-45.7,-0.046,1544.9,1.545,0.0,0.0,81.5,80,83
2026-07-03,17:00,12,367.0,0.367,-1402.6,-1.403,-48.2,-0.048,1817.8,1.818,0.0,0.0,73.3,70,78
2026-07-03,18:00,11,32.5,0.03,-1383.5,-1.268,-29.2,-0.027,1445.2,1.325,0.0,0.0,64.5,60,69
2026-07-03,19:00,12,0.0,0.0,-1714.8,-1.715,-103.7,-0.104,1818.4,1.818,0.0,0.0,52.8,47,59
2026-07-03,20:00,12,0.0,0.0,-1443.0,-1.443,-103.8,-0.104,1546.8,1.547,0.0,0.0,42.0,37,47
2026-07-03,21:00,11,0.0,0.0,-1211.9,-1.111,-110.2,-0.101,1322.1,1.212,0.0,0.0,33.3,29,37
2026-07-03,22:00,10,0.0,0.0,-1162.2,-0.969,-111.5,-0.093,1273.7,1.061,0.0,0.0,23.1,19,27
2026-07-03,23:00,12,0.0,0.0,-999.5,-1.0,-114.7,-0.115,1114.2,1.114,0.0,0.0,15.4,12,19
2026-07-04,00:00,11,0.0,0.0,-181.2,-0.166,-768.1,-0.704,949.3,0.87,0.0,0.0,11.0,10,12
2026-07-04,01:00,11,0.0,0.0,0.0,0.0,-955.9,-0.876,955.9,0.876,0.0,0.0,11.0,11,11
2026-07-04,02:00,11,0.0,0.0,6.5,0.006,-654.5,-0.6,648.0,0.594,0.0,0.0,11.0,11,11
2026-07-04,03:00,12,0.0,0.0,0.0,0.0,-689.2,-0.689,689.2,0.689,0.0,0.0,11.0,11,11
2026-07-04,04:00,12,0.0,0.0,0.0,0.0,-678.5,-0.678,678.5,0.678,0.0,0.0,11.0,11,11
2026-07-04,05:00,12,30.5,0.03,2.5,0.003,-471.2,-0.471,499.2,0.499,0.0,0.0,11.0,11,11
2026-07-04,06:00,12,532.8,0.533,48.8,0.049,-204.4,-0.204,688.4,0.688,0.0,0.0,11.0,11,11
2026-07-04,07:00,12,1437.8,1.438,699.6,0.7,0.0,0.0,738.2,0.738,0.0,0.0,13.3,12,16
2026-07-04,08:00,12,1357.1,1.357,434.0,0.434,-244.9,-0.245,1168.0,1.168,0.0,0.0,18.0,16,20
2026-07-04,09:00,12,2713.8,2.714,760.0,0.76,-507.8,-0.508,2461.7,2.462,0.0,0.0,22.7,21,25
2026-07-04,10:00,12,3320.4,3.32,1370.6,1.371,-190.5,-0.191,2140.3,2.14,0.0,0.0,29.8,25,36
2026-07-04,11:00,12,4763.4,4.763,1824.9,1.825,-58.1,-0.058,2996.6,2.997,0.0,0.0,44.3,37,50
2026-07-04,12:00,12,2795.4,2.795,33.7,0.034,-60.8,-0.061,2822.5,2.823,0.0,0.0,54.5,52,57
2026-07-04,13:00,12,1275.6,1.276,-769.9,-0.77,-45.6,-0.046,2091.1,2.091,0.0,0.0,47.9,46,51
2026-07-04,14:00,12,1864.3,1.864,-104.8,-0.105,-41.4,-0.041,2010.6,2.011,0.0,0.0,44.9,44,46
2026-07-04,15:00,12,1434.3,1.434,-355.7,-0.356,-48.3,-0.048,1838.3,1.838,0.0,0.0,44.2,43,45
2026-07-04,16:00,12,862.0,0.862,-733.9,-0.734,-42.8,-0.043,1638.8,1.639,0.0,0.0,40.8,38,43
2026-07-04,17:00,12,332.5,0.333,-1147.5,-1.147,-36.0,-0.036,1516.0,1.516,0.0,0.0,33.7,29,37
2026-07-04,18:00,12,25.2,0.025,-1564.2,-1.564,-24.1,-0.024,1613.5,1.613,0.0,0.0,23.4,18,28
2026-07-04,19:00,11,0.0,0.0,-794.5,-0.728,-782.6,-0.717,1577.2,1.446,0.0,0.0,12.6,10,17
2026-07-04,20:00,11,0.0,0.0,0.0,0.0,-1544.2,-1.415,1544.2,1.415,0.0,0.0,11.0,11,11
2026-07-04,21:00,11,0.0,0.0,0.0,0.0,-1278.2,-1.172,1278.2,1.172,0.0,0.0,11.0,11,11
2026-07-04,22:00,11,0.0,0.0,2.3,0.002,-1610.7,-1.476,1608.5,1.474,0.0,0.0,11.0,11,11
2026-07-04,23:00,10,0.0,0.0,0.0,0.0,-1163.6,-0.97,1163.6,0.97,0.0,0.0,11.0,11,11
2026-07-05,00:00,12,0.0,0.0,0.0,0.0,-1088.9,-1.089,1088.9,1.089,0.0,0.0,11.0,11,11
2026-07-05,01:00,11,0.0,0.0,5.5,0.005,-892.4,-0.818,886.8,0.813,0.0,0.0,11.0,11,11
2026-07-05,02:00,9,0.0,0.0,0.0,0.0,-720.4,-0.54,720.4,0.54,0.0,0.0,11.0,11,11
2026-07-05,03:00,12,0.0,0.0,0.0,0.0,-743.4,-0.743,743.4,0.743,0.0,0.0,11.0,11,11
2026-07-05,04:00,11,0.0,0.0,0.0,0.0,-695.8,-0.638,695.8,0.638,0.0,0.0,11.0,11,11
2026-07-05,05:00,12,21.4,0.021,0.0,0.0,-440.1,-0.44,461.5,0.462,0.0,0.0,11.6,11,12
2026-07-05,06:00,12,502.5,0.503,107.6,0.108,-89.2,-0.089,484.1,0.484,0.0,0.0,12.0,12,12
2026-07-05,07:00,12,1459.8,1.46,647.4,0.647,-6.7,-0.007,819.1,0.819,0.0,0.0,14.2,12,17
2026-07-05,08:00,12,2247.1,2.247,1107.7,1.108,-17.1,-0.017,1156.5,1.157,0.0,0.0,20.7,17,25
2026-07-05,09:00,12,3207.5,3.208,1065.6,1.066,-74.2,-0.074,2216.2,2.216,0.0,0.0,29.0,26,32
2026-07-05,10:00,12,3682.0,3.682,1732.8,1.733,-66.2,-0.066,2015.4,2.015,0.0,0.0,37.0,32,44
2026-07-05,11:00,12,5150.8,5.151,2587.8,2.588,-71.6,-0.072,2634.6,2.635,0.0,0.0,52.8,45,61
2026-07-05,12:00,12,2828.8,2.829,-55.7,-0.056,-66.1,-0.066,2950.5,2.95,0.0,0.0,63.7,62,65
2026-07-05,13:00,12,3637.9,3.638,211.3,0.211,-82.4,-0.082,3509.0,3.509,0.0,0.0,62.7,61,64
2026-07-05,14:00,12,3877.8,3.878,1290.2,1.29,-68.8,-0.069,2656.4,2.656,0.0,0.0,69.7,65,74
2026-07-05,15:00,12,2925.8,2.926,459.6,0.46,-55.3,-0.055,2521.6,2.522,0.0,0.0,77.3,74,79
2026-07-05,16:00,12,675.0,0.675,-1676.8,-1.677,-52.6,-0.053,2404.3,2.404,0.0,0.0,69.2,65,75
2026-07-05,17:00,12,202.1,0.202,-1511.1,-1.511,-55.1,-0.055,1768.2,1.768,0.0,0.0,58.7,54,64
2026-07-05,18:00,12,110.2,0.11,-1199.4,-1.199,-52.2,-0.052,1361.9,1.362,0.0,0.0,48.8,45,53
2026-07-05,19:00,11,0.0,0.0,-1269.6,-1.164,-110.2,-0.101,1379.8,1.265,0.0,0.0,40.4,36,44
2026-07-05,20:00,10,0.0,0.0,-1265.0,-1.054,-116.5,-0.097,1381.5,1.151,0.0,0.0,31.8,28,36
2026-07-05,21:00,10,0.0,0.0,-1314.5,-1.095,-119.8,-0.1,1434.3,1.195,0.0,0.0,23.1,19,27
2026-07-05,22:00,12,0.0,0.0,-1151.1,-1.151,-388.4,-0.388,1539.5,1.54,0.0,0.0,14.5,11,19
2026-07-05,23:00,12,0.0,0.0,0.0,0.0,-1141.8,-1.142,1141.8,1.142,0.0,0.0,11.0,11,11
2026-07-06,00:00,11,0.0,0.0,0.0,0.0,-917.6,-0.841,917.6,0.841,0.0,0.0,11.0,11,11
2026-07-06,01:00,12,0.0,0.0,4.2,0.004,-896.7,-0.897,892.4,0.892,0.0,0.0,11.0,11,11
2026-07-06,02:00,12,0.0,0.0,0.0,0.0,-774.5,-0.774,774.5,0.774,0.0,0.0,11.0,11,11
2026-07-06,03:00,11,0.0,0.0,0.0,0.0,-747.5,-0.685,747.5,0.685,0.0,0.0,11.0,11,11
2026-07-06,04:00,12,0.0,0.0,1.7,0.002,-989.8,-0.99,988.2,0.988,0.0,0.0,11.0,11,11
2026-07-06,05:00,12,21.4,0.021,0.0,0.0,-468.3,-0.468,489.8,0.49,0.0,0.0,11.0,11,11
2026-07-06,06:00,12,520.1,0.52,59.2,0.059,-109.5,-0.11,570.4,0.57,0.0,0.0,11.2,11,12
2026-07-06,07:00,12,1395.5,1.395,451.2,0.451,-268.0,-0.268,1212.2,1.212,0.0,0.0,13.1,12,15
2026-07-06,08:00,12,2368.2,2.368,1411.2,1.411,-18.8,-0.019,975.7,0.976,0.0,0.0,19.8,15,25
2026-07-06,09:00,12,3163.7,3.164,1156.5,1.157,-161.0,-0.161,2168.2,2.168,0.0,0.0,27.7,25,32
2026-07-06,10:00,11,3811.1,3.494,2161.8,1.982,-52.9,-0.048,1702.2,1.56,0.0,0.0,39.1,33,48
2026-07-06,11:00,12,4347.5,4.348,2222.2,2.222,-48.2,-0.048,2173.6,2.174,0.0,0.0,57.2,49,64
2026-07-06,12:00,12,3852.1,3.852,1177.3,1.177,-60.8,-0.061,2735.5,2.736,0.0,0.0,66.7,63,72
2026-07-06,13:00,12,4672.7,4.673,-3328.8,-3.329,-1641.8,-1.642,9643.2,9.643,0.0,0.0,62.3,50,73
2026-07-06,14:00,12,3881.1,3.881,-4659.5,-4.66,-1694.6,-1.695,10235.2,10.235,0.0,0.0,31.9,16,47
2026-07-06,15:00,12,2563.9,2.564,-298.4,-0.298,-2625.7,-2.626,5488.0,5.488,0.0,0.0,10.9,10,12
2026-07-06,16:00,12,1690.2,1.69,23.8,0.024,-252.9,-0.253,1919.3,1.919,0.0,0.0,11.2,11,12
2026-07-06,17:00,11,962.3,0.882,0.0,0.0,-1202.7,-1.103,2165.0,1.985,0.0,0.0,12.0,12,12
2026-07-06,18:00,12,201.8,0.202,0.0,0.0,-1667.5,-1.667,1869.2,1.869,0.0,0.0,12.0,12,12
2026-07-06,19:00,10,0.0,0.0,0.0,0.0,-1698.7,-1.416,1698.7,1.416,0.0,0.0,12.0,12,12
2026-07-06,20:00,12,0.0,0.0,4.8,0.005,-1767.8,-1.768,1763.0,1.763,0.0,0.0,12.0,12,12
2026-07-06,21:00,11,0.0,0.0,1.8,0.002,-1595.8,-1.463,1594.0,1.461,0.0,0.0,12.0,12,12
2026-07-06,22:00,11,0.0,0.0,0.0,0.0,-1495.4,-1.371,1495.4,1.371,0.0,0.0,12.0,12,12
2026-07-06,23:00,12,0.0,0.0,0.0,0.0,-1267.8,-1.268,1267.8,1.268,0.0,0.0,12.3,12,13
2026-07-07,00:00,12,0.0,0.0,1.7,0.002,-1132.3,-1.132,1130.7,1.131,0.0,0.0,13.0,13,13
2026-07-07,01:00,10,0.0,0.0,0.0,0.0,-1014.2,-0.845,1014.2,0.845,0.0,0.0,13.0,13,13
2026-07-07,02:00,12,0.0,0.0,0.0,0.0,-958.8,-0.959,958.8,0.959,0.0,0.0,13.0,13,13
2026-07-07,03:00,11,0.0,0.0,4.6,0.004,-1093.5,-1.002,1088.9,0.998,0.0,0.0,13.0,13,13
2026-07-07,04:00,12,0.0,0.0,1.2,0.001,-1011.9,-1.012,1010.7,1.011,0.0,0.0,13.0,13,13
2026-07-07,05:00,12,15.3,0.015,1.2,0.001,-559.1,-0.559,573.2,0.573,0.0,0.0,13.0,13,13
2026-07-07,06:00,12,457.1,0.457,97.4,0.097,-112.2,-0.112,471.8,0.472,0.0,0.0,13.2,13,14
2026-07-07,07:00,12,1375.2,1.375,911.0,0.911,0.0,0.0,464.2,0.464,0.0,0.0,16.4,14,20
2026-07-07,08:00,12,2075.7,2.076,1180.3,1.18,0.0,0.0,895.3,0.895,0.0,0.0,24.2,21,28
2026-07-07,09:00,12,2364.6,2.365,-623.9,-0.624,-346.3,-0.346,3334.8,3.335,0.0,0.0,29.3,24,32
2026-07-07,10:00,11,2672.5,2.45,-1568.4,-1.438,-4599.5,-4.216,8840.3,8.104,0.0,0.0,12.4,10,20
2026-07-07,11:00,12,4668.2,4.668,744.0,0.744,-3565.9,-3.566,7490.1,7.49,0.0,0.0,11.5,11,15
2026-07-07,12:00,10,5005.2,4.171,2202.9,1.836,-66.4,-0.055,2868.7,2.391,0.0,0.0,22.3,16,30
2026-07-07,13:00,10,4633.4,3.861,1954.7,1.629,-66.5,-0.055,2745.2,2.288,0.0,0.0,37.8,32,44
2026-07-07,14:00,11,3728.5,3.418,1210.7,1.11,-57.3,-0.052,2575.0,2.36,0.0,0.0,49.1,45,53
2026-07-07,15:00,10,2639.4,2.2,654.2,0.545,-61.6,-0.051,2046.8,1.706,0.0,0.0,55.6,53,57
2026-07-07,16:00,9,1436.9,1.078,-436.0,-0.327,-57.4,-0.043,1930.3,1.448,0.0,0.0,56.2,54,57
2026-07-07,17:00,11,434.2,0.398,-1227.3,-1.125,-51.3,-0.047,1712.7,1.57,0.0,0.0,49.2,46,53
2026-07-07,18:00,12,66.0,0.066,-1675.5,-1.675,-48.2,-0.048,1789.7,1.79,0.0,0.0,38.4,32,44
2026-07-07,19:00,11,0.0,0.0,-1574.7,-1.444,-107.2,-0.098,1681.9,1.542,0.0,0.0,25.7,21,31
2026-07-07,20:00,12,0.0,0.0,-1206.0,-1.206,-361.2,-0.361,1567.2,1.567,0.0,0.0,14.8,10,20
2026-07-07,21:00,8,0.0,0.0,0.0,0.0,-1493.4,-0.996,1493.4,0.996,0.0,0.0,11.0,11,11
2026-07-07,22:00,12,0.0,0.0,0.0,0.0,-1130.9,-1.131,1130.9,1.131,0.0,0.0,11.0,11,11
2026-07-07,23:00,11,0.0,0.0,0.0,0.0,-1054.9,-0.967,1054.9,0.967,0.0,0.0,11.0,11,11
2026-07-08,00:00,10,0.0,0.0,4.0,0.003,-846.6,-0.706,842.6,0.702,0.0,0.0,11.0,11,11
2026-07-08,01:00,12,0.0,0.0,1.2,0.001,-874.8,-0.875,873.5,0.874,0.0,0.0,11.0,11,11
2026-07-08,02:00,11,0.0,0.0,0.0,0.0,-700.4,-0.642,700.4,0.642,0.0,0.0,11.0,11,11
2026-07-08,03:00,12,0.0,0.0,0.0,0.0,-805.8,-0.806,805.8,0.806,0.0,0.0,11.0,11,11
2026-07-08,04:00,12,0.0,0.0,4.7,0.005,-1042.8,-1.043,1038.2,1.038,0.0,0.0,11.0,11,11
2026-07-08,05:00,12,17.8,0.018,1.7,0.002,-674.2,-0.674,690.2,0.69,0.0,0.0,11.0,11,11
2026-07-08,06:00,12,439.3,0.439,36.3,0.036,-158.2,-0.158,561.2,0.561,0.0,0.0,11.4,11,12
2026-07-08,07:00,12,1392.3,1.392,657.0,0.657,-37.8,-0.038,773.1,0.773,0.0,0.0,13.4,12,16
2026-07-08,08:00,12,2121.2,2.121,1319.0,1.319,-22.9,-0.023,825.1,0.825,0.0,0.0,19.4,16,25
2026-07-08,09:00,12,3136.7,3.137,1873.4,1.873,-36.2,-0.036,1299.4,1.299,0.0,0.0,29.9,26,35
2026-07-08,10:00,12,3920.7,3.921,2658.5,2.659,-38.8,-0.039,1301.0,1.301,0.0,0.0,44.1,36,54
2026-07-08,11:00,12,4274.7,4.275,2580.0,2.58,-32.2,-0.032,1726.9,1.727,0.0,0.0,63.8,55,73
2026-07-08,12:00,12,4724.2,4.724,2313.5,2.313,-62.1,-0.062,2472.8,2.473,0.0,0.0,81.8,74,89
2026-07-08,13:00,12,3914.6,3.915,1436.9,1.437,69.2,0.069,2408.5,2.409,0.0,0.0,94.4,90,98
2026-07-08,14:00,11,2454.1,2.25,-96.0,-0.088,419.5,0.384,2130.6,1.953,0.0,0.0,100.0,100,100
2026-07-08,15:00,12,2135.7,2.136,-27.1,-0.027,427.8,0.428,1734.9,1.735,0.0,0.0,99.0,99,99
2026-07-08,16:00,12,1299.0,1.299,-486.2,-0.486,-63.4,-0.063,1848.7,1.849,0.0,0.0,97.7,96,99
2026-07-08,17:00,12,494.6,0.495,-1173.1,-1.173,-59.2,-0.059,1726.9,1.727,0.0,0.0,91.7,87,95
2026-07-08,18:00,12,68.2,0.068,-1435.0,-1.435,-53.4,-0.053,1556.7,1.557,0.0,0.0,81.8,77,86
2026-07-08,19:00,11,0.0,0.0,-1387.5,-1.272,-107.3,-0.098,1494.8,1.37,0.0,0.0,71.7,67,76
2026-07-08,20:00,11,0.0,0.0,-1436.2,-1.317,-111.6,-0.102,1547.8,1.419,0.0,0.0,61.6,57,66
2026-07-08,21:00,10,0.0,0.0,-1575.0,-1.312,-126.4,-0.105,1701.4,1.418,0.0,0.0,50.8,46,55
2026-07-08,22:00,11,0.0,0.0,-1295.2,-1.187,-116.3,-0.107,1411.5,1.294,0.0,0.0,40.7,36,45
2026-07-08,23:00,12,0.0,0.0,-929.2,-0.929,-105.2,-0.105,1034.4,1.034,0.0,0.0,33.2,30,36
2026-07-09,00:00,11,0.0,0.0,-960.1,-0.88,-114.7,-0.105,1074.8,0.985,0.0,0.0,25.5,23,29
2026-07-09,01:00,12,0.0,0.0,-1029.8,-1.03,-113.2,-0.113,1143.1,1.143,0.0,0.0,18.6,15,22
2026-07-09,02:00,11,0.0,0.0,-540.6,-0.496,-335.0,-0.307,875.6,0.803,0.0,0.0,12.1,10,15
2026-07-09,03:00,11,0.0,0.0,0.0,0.0,-842.1,-0.772,842.1,0.772,0.0,0.0,11.0,11,11
2026-07-09,04:00,12,0.0,0.0,4.6,0.005,-1056.3,-1.056,1051.8,1.052,0.0,0.0,11.0,11,11
2026-07-09,05:00,9,15.1,0.011,0.0,0.0,-516.1,-0.387,531.2,0.398,0.0,0.0,11.0,11,11
2026-07-09,06:00,12,553.2,0.553,62.2,0.062,-145.9,-0.146,636.8,0.637,0.0,0.0,11.1,11,12
2026-07-09,07:00,12,1727.6,1.728,855.8,0.856,-4.0,-0.004,875.8,0.876,0.0,0.0,14.8,12,18
2026-07-09,08:00,10,1663.4,1.386,909.9,0.758,0.0,0.0,753.5,0.628,0.0,0.0,21.7,18,24
2026-07-09,09:00,11,2520.5,2.31,1246.5,1.143,-40.8,-0.037,1314.7,1.205,0.0,0.0,28.1,25,33
2026-07-09,10:00,12,2522.5,2.522,956.1,0.956,-50.8,-0.051,1617.2,1.617,0.0,0.0,36.8,34,40
2026-07-09,11:00,12,4635.8,4.636,2803.8,2.804,-46.8,-0.047,1878.8,1.879,0.0,0.0,50.6,42,60
2026-07-09,12:00,11,4570.2,4.189,1113.5,1.021,-357.5,-0.328,3814.1,3.496,0.0,0.0,66.3,61,69
2026-07-09,13:00,10,4349.8,3.625,-4132.5,-3.444,-1916.6,-1.597,10398.9,8.666,0.0,0.0,52.3,38,66
2026-07-09,14:00,10,3306.6,2.756,-3978.1,-3.315,-2736.1,-2.28,10020.8,8.351,0.0,0.0,22.3,10,36
2026-07-09,15:00,11,2358.1,2.162,313.1,0.287,-790.6,-0.725,2835.6,2.599,0.0,0.0,11.5,11,13
2026-07-09,16:00,12,1303.0,1.303,2.2,0.002,-616.0,-0.616,1916.8,1.917,0.0,0.0,13.0,13,13
2026-07-09,17:00,12,628.5,0.629,0.0,0.0,-1117.4,-1.117,1745.9,1.746,0.0,0.0,13.0,13,13
2026-07-09,18:00,12,58.5,0.059,3.4,0.003,-1739.4,-1.739,1794.5,1.794,0.0,0.0,13.1,13,14
2026-07-09,19:00,11,0.0,0.0,4.2,0.004,-1615.1,-1.48,1610.9,1.477,0.0,0.0,14.0,14,14
2026-07-09,20:00,12,0.0,0.0,0.0,0.0,-1495.4,-1.495,1495.4,1.495,0.0,0.0,14.0,14,14
2026-07-09,21:00,10,0.0,0.0,0.0,0.0,-1766.9,-1.472,1766.9,1.472,0.0,0.0,14.0,14,14
2026-07-09,22:00,12,0.0,0.0,0.0,0.0,-1415.5,-1.415,1415.5,1.415,0.0,0.0,14.0,14,14
2026-07-09,23:00,12,0.0,0.0,0.0,0.0,-1996.8,-1.997,1996.8,1.997,0.0,0.0,14.0,14,14
2026-07-10,00:00,12,0.0,0.0,0.0,0.0,-1071.4,-1.071,1071.4,1.071,0.0,0.0,14.0,14,14
2026-07-10,01:00,12,0.0,0.0,0.0,0.0,-1052.2,-1.052,1052.2,1.052,0.0,0.0,14.0,14,14
2026-07-10,02:00,11,0.0,0.0,10.1,0.009,-778.5,-0.714,768.5,0.704,0.0,0.0,14.0,14,14
2026-07-10,03:00,11,0.0,0.0,0.0,0.0,-834.7,-0.765,834.7,0.765,0.0,0.0,14.0,14,14
2026-07-10,04:00,12,0.0,0.0,0.0,0.0,-795.1,-0.795,795.1,0.795,0.0,0.0,14.0,14,14
2026-07-10,05:00,12,0.0,0.0,1.2,0.001,-1004.9,-1.005,1003.7,1.004,0.0,0.0,14.2,14,15
2026-07-10,06:00,12,65.3,0.065,0.0,0.0,-467.0,-0.467,532.3,0.532,0.0,0.0,15.0,15,15
2026-07-10,07:00,12,279.1,0.279,0.0,0.0,-374.8,-0.375,653.9,0.654,0.0,0.0,15.0,15,15
2026-07-10,08:00,12,1693.8,1.694,550.0,0.55,-363.0,-0.363,1506.8,1.507,0.0,0.0,16.0,15,19
2026-07-10,09:00,12,2754.2,2.754,1636.8,1.637,-60.8,-0.061,1178.1,1.178,0.0,0.0,24.1,19,31
2026-07-10,10:00,12,2115.5,2.115,479.1,0.479,-26.9,-0.027,1663.3,1.663,0.0,0.0,35.0,32,37
2026-07-10,11:00,12,3022.5,3.022,1720.3,1.72,0.0,0.0,1302.2,1.302,0.0,0.0,41.5,36,46
2026-07-10,12:00,12,3748.4,3.748,2434.3,2.434,0.0,0.0,1314.1,1.314,0.0,0.0,54.2,47,62
2026-07-10,13:00,12,3124.8,3.125,1788.4,1.788,0.0,0.0,1336.3,1.336,0.0,0.0,70.1,64,75
2026-07-10,14:00,12,2075.9,2.076,607.6,0.608,-4.0,-0.004,1472.3,1.472,0.0,0.0,79.8,77,82
2026-07-10,15:00,12,186.7,0.187,-1065.8,-1.066,-2.7,-0.003,1255.1,1.255,0.0,0.0,77.8,74,81
2026-07-10,16:00,12,88.0,0.088,-1666.5,-1.667,-2.7,-0.003,1757.2,1.757,0.0,0.0,68.4,64,74
2026-07-10,17:00,12,26.2,0.026,-1133.7,-1.134,0.0,0.0,1159.8,1.16,0.0,0.0,60.0,56,64
2026-07-10,18:00,12,0.0,0.0,-1036.6,-1.037,-28.3,-0.028,1064.9,1.065,0.0,0.0,52.2,49,56
2026-07-10,19:00,12,0.0,0.0,-727.5,-0.728,-81.0,-0.081,808.5,0.808,0.0,0.0,45.3,43,48
2026-07-10,20:00,10,0.0,0.0,-598.4,-0.499,-89.0,-0.074,687.4,0.573,0.0,0.0,41.1,39,43
2026-07-10,21:00,10,0.0,0.0,-605.9,-0.505,-89.0,-0.074,694.9,0.579,0.0,0.0,37.6,35,39
2026-07-10,22:00,12,0.0,0.0,-938.0,-0.938,-97.0,-0.097,1035.0,1.035,0.0,0.0,30.9,28,34
2026-07-10,23:00,12,0.0,0.0,-934.2,-0.934,-97.0,-0.097,1031.2,1.031,0.0,0.0,23.9,21,27
2026-07-11,00:00,12,0.0,0.0,-911.3,-0.911,-97.0,-0.097,1008.3,1.008,0.0,0.0,17.2,14,20
2026-07-11,01:00,11,0.0,0.0,-514.7,-0.472,-88.3,-0.081,603.0,0.553,0.0,0.0,12.3,11,14
2026-07-11,02:00,11,0.0,0.0,0.0,0.0,-487.3,-0.447,487.3,0.447,0.0,0.0,11.0,11,11
2026-07-11,03:00,11,0.0,0.0,3.6,0.003,-473.9,-0.434,470.3,0.431,0.0,0.0,11.0,11,11
2026-07-11,04:00,12,0.0,0.0,0.0,0.0,-453.4,-0.453,453.4,0.453,0.0,0.0,11.0,11,11
2026-07-11,05:00,12,0.0,0.0,0.0,0.0,-472.3,-0.472,472.3,0.472,0.0,0.0,11.0,11,11
2026-07-11,06:00,12,21.1,0.021,0.4,0.0,-424.9,-0.425,445.6,0.446,0.0,0.0,11.0,11,11
2026-07-11,07:00,12,214.7,0.215,8.4,0.008,-255.7,-0.256,461.9,0.462,0.0,0.0,11.0,11,11
2026-07-11,08:00,12,876.3,0.876,476.0,0.476,0.0,0.0,400.3,0.4,0.0,0.0,11.7,11,14
2026-07-11,09:00,12,2619.2,2.619,1693.4,1.693,2.8,0.003,923.1,0.923,0.0,0.0,19.4,15,25
2026-07-11,10:00,12,3033.1,3.033,2094.5,2.095,-4.0,-0.004,942.6,0.943,0.0,0.0,34.2,27,41
2026-07-11,11:00,12,3019.4,3.019,1875.7,1.876,-4.0,-0.004,1147.8,1.148,0.0,0.0,49.7,42,55
2026-07-11,12:00,12,3217.1,3.217,2069.8,2.07,-13.4,-0.013,1160.8,1.161,0.0,0.0,63.2,56,70
2026-07-11,13:00,12,3329.0,3.329,1906.2,1.906,-10.8,-0.011,1433.6,1.434,0.0,0.0,79.8,72,84
2026-07-11,14:00,12,1820.1,1.82,616.2,0.616,0.0,0.0,1203.8,1.204,0.0,0.0,87.7,84,90
2026-07-11,15:00,12,2649.4,2.649,1340.5,1.341,102.9,0.103,1206.0,1.206,0.0,0.0,94.2,89,97
2026-07-11,16:00,12,1187.2,1.187,43.6,0.044,6.8,0.007,1136.8,1.137,0.0,0.0,97.9,97,98
2026-07-11,17:00,12,246.0,0.246,-631.2,-0.631,0.0,0.0,877.2,0.877,0.0,0.0,94.8,93,97
2026-07-11,18:00,12,51.7,0.052,-620.3,-0.62,-8.1,-0.008,680.1,0.68,0.0,0.0,90.7,89,93
2026-07-11,19:00,12,0.0,0.0,-542.4,-0.542,-86.3,-0.086,628.8,0.629,0.0,0.0,86.2,84,88
2026-07-11,20:00,12,0.0,0.0,-619.7,-0.62,-83.7,-0.084,703.3,0.703,0.0,0.0,81.9,80,84
2026-07-11,21:00,12,0.0,0.0,-955.5,-0.956,-87.7,-0.088,1043.2,1.043,0.0,0.0,76.5,73,80
2026-07-11,22:00,12,0.0,0.0,-937.0,-0.937,-97.0,-0.097,1034.0,1.034,0.0,0.0,69.8,67,72
2026-07-11,23:00,12,0.0,0.0,-577.1,-0.577,-86.3,-0.086,663.4,0.663,0.0,0.0,64.0,62,66
2026-07-12,00:00,12,0.0,0.0,-932.3,-0.932,-89.0,-0.089,1021.3,1.021,0.0,0.0,58.8,56,62
2026-07-12,01:00,12,0.0,0.0,-945.5,-0.946,-85.0,-0.085,1030.5,1.03,0.0,0.0,52.2,49,55
2026-07-12,02:00,11,0.0,0.0,-394.0,-0.361,-82.5,-0.076,476.5,0.437,0.0,0.0,47.1,46,49
2026-07-12,03:00,12,0.0,0.0,-339.8,-0.34,-79.7,-0.08,419.5,0.419,0.0,0.0,44.5,43,46
2026-07-12,04:00,12,0.0,0.0,-340.9,-0.341,-81.0,-0.081,421.9,0.422,0.0,0.0,42.1,41,43
2026-07-12,05:00,12,12.2,0.012,-349.8,-0.35,-27.0,-0.027,389.1,0.389,0.0,0.0,39.6,38,41
2026-07-12,06:00,12,531.4,0.531,155.6,0.156,0.0,0.0,375.8,0.376,0.0,0.0,38.2,38,39
2026-07-12,07:00,12,415.3,0.415,61.2,0.061,0.0,0.0,354.1,0.354,0.0,0.0,39.3,39,40
2026-07-12,08:00,12,773.9,0.774,402.9,0.403,0.0,0.0,371.0,0.371,0.0,0.0,40.9,40,42
2026-07-12,09:00,12,1802.2,1.802,1192.6,1.193,0.0,0.0,609.7,0.61,0.0,0.0,46.8,43,51
2026-07-12,10:00,12,1990.1,1.99,1139.7,1.14,-1.3,-0.001,851.8,0.852,0.0,0.0,54.2,51,58
2026-07-12,11:00,12,3904.2,3.904,3152.6,3.153,-6.7,-0.007,758.3,0.758,0.0,0.0,67.2,60,79
2026-07-12,12:00,12,3822.0,3.822,2671.2,2.671,327.8,0.328,823.1,0.823,0.0,0.0,91.2,82,98
2026-07-12,13:00,12,1554.2,1.554,292.3,0.292,83.8,0.084,1178.0,1.178,0.0,0.0,99.7,99,100
2026-07-12,14:00,11,825.3,0.756,-62.9,-0.058,193.5,0.177,694.6,0.637,0.0,0.0,99.0,99,99
2026-07-12,15:00,12,828.2,0.828,-13.8,-0.014,206.8,0.207,635.2,0.635,0.0,0.0,98.8,98,99
2026-07-12,16:00,12,804.0,0.804,-1358.8,-1.359,159.8,0.16,2003.1,2.003,0.0,0.0,97.3,92,98
2026-07-12,17:00,12,209.8,0.21,-7812.8,-7.813,-1538.8,-1.539,9561.2,9.561,0.0,0.0,60.2,34,87
2026-07-12,18:00,12,0.0,0.0,-2716.9,-2.717,-6292.2,-6.292,9009.1,9.009,0.0,0.0,14.7,10,29
2026-07-12,19:00,12,0.0,0.0,0.0,0.0,-3766.2,-3.766,3766.2,3.766,0.0,0.0,11.0,11,11
2026-07-12,20:00,12,0.0,0.0,3.0,0.003,-1427.8,-1.428,1424.8,1.425,0.0,0.0,11.0,11,11
2026-07-12,21:00,10,0.0,0.0,0.0,0.0,-1009.2,-0.841,1009.2,0.841,0.0,0.0,11.0,11,11
2026-07-12,22:00,11,0.0,0.0,0.0,0.0,-904.3,-0.829,904.3,0.829,0.0,0.0,11.0,11,11
2026-07-12,23:00,12,0.0,0.0,1.7,0.002,-688.0,-0.688,686.3,0.686,0.0,0.0,11.0,11,11
2026-07-13,00:00,12,0.0,0.0,5.9,0.006,-701.5,-0.702,695.6,0.696,0.0,0.0,11.0,11,11
2026-07-13,01:00,12,0.0,0.0,0.0,0.0,-608.1,-0.608,608.1,0.608,0.0,0.0,11.0,11,11
2026-07-13,02:00,10,0.0,0.0,0.0,0.0,-669.5,-0.558,669.5,0.558,0.0,0.0,11.3,11,12
2026-07-13,03:00,12,0.0,0.0,0.0,0.0,-675.8,-0.676,675.8,0.676,0.0,0.0,12.0,12,12
2026-07-13,04:00,12,0.0,0.0,0.0,0.0,-994.1,-0.994,994.1,0.994,0.0,0.0,12.0,12,12
2026-07-13,05:00,12,13.9,0.014,1.2,0.001,-610.6,-0.611,623.2,0.623,0.0,0.0,12.0,12,12
2026-07-13,06:00,12,422.7,0.423,55.8,0.056,-144.6,-0.145,511.4,0.511,0.0,0.0,12.0,12,12
2026-07-13,07:00,12,1555.9,1.556,961.1,0.961,0.0,0.0,594.8,0.595,0.0,0.0,15.2,12,19
2026-07-13,08:00,12,1982.7,1.983,1169.7,1.17,0.0,0.0,813.0,0.813,0.0,0.0,23.9,20,27
2026-07-13,09:00,12,2702.6,2.703,1447.4,1.447,-16.0,-0.016,1271.2,1.271,0.0,0.0,31.2,28,36
2026-07-13,10:00,12,2778.6,2.779,1336.1,1.336,-26.8,-0.027,1469.3,1.469,0.0,0.0,41.2,37,47
2026-07-13,11:00,12,4342.8,4.343,2358.2,2.358,-20.2,-0.02,2004.8,2.005,0.0,0.0,53.2,47,62
2026-07-13,12:00,11,4028.8,3.693,1006.7,0.923,-38.2,-0.035,3060.3,2.805,0.0,0.0,67.7,64,71
2026-07-13,13:00,11,2118.1,1.942,-132.3,-0.121,-36.8,-0.034,2287.2,2.097,0.0,0.0,71.5,71,72
2026-07-13,14:00,9,944.7,0.709,-867.2,-0.65,-44.8,-0.034,1856.7,1.393,0.0,0.0,68.4,66,71
2026-07-13,15:00,11,346.0,0.317,-971.1,-0.89,-32.0,-0.029,1349.1,1.237,0.0,0.0,61.0,58,65
2026-07-13,16:00,12,349.3,0.349,-816.6,-0.817,-20.0,-0.02,1185.9,1.186,0.0,0.0,55.1,52,58
2026-07-13,17:00,12,235.3,0.235,-936.6,-0.937,-28.1,-0.028,1200.0,1.2,0.0,0.0,49.2,46,52
2026-07-13,18:00,11,50.2,0.046,-1291.3,-1.184,-26.3,-0.024,1367.7,1.254,0.0,0.0,41.5,37,46
2026-07-13,19:00,12,0.0,0.0,-910.2,-0.91,-174.2,-0.174,1084.3,1.084,0.0,0.0,33.5,30,37
2026-07-13,20:00,12,0.0,0.0,-1019.7,-1.02,-97.0,-0.097,1116.7,1.117,0.0,0.0,26.8,24,29
2026-07-13,21:00,12,0.0,0.0,-936.8,-0.937,-110.3,-0.11,1047.2,1.047,0.0,0.0,19.9,17,23
2026-07-13,22:00,12,0.0,0.0,-757.2,-0.757,-204.0,-0.204,961.2,0.961,0.0,0.0,13.4,10,16
2026-07-13,23:00,12,0.0,0.0,1.7,0.002,-923.8,-0.924,922.1,0.922,0.0,0.0,11.0,11,11
2026-07-14,00:00,11,0.0,0.0,1.8,0.002,-975.1,-0.894,973.3,0.892,0.0,0.0,11.0,11,11
2026-07-14,01:00,12,0.0,0.0,0.0,0.0,-720.2,-0.72,720.2,0.72,0.0,0.0,11.0,11,11
2026-07-14,02:00,12,0.0,0.0,0.0,0.0,-580.8,-0.581,580.8,0.581,0.0,0.0,11.0,11,11
2026-07-14,03:00,12,0.0,0.0,0.0,0.0,-640.3,-0.64,640.3,0.64,0.0,0.0,11.0,11,11
2026-07-14,04:00,12,0.0,0.0,5.1,0.005,-815.2,-0.815,810.2,0.81,0.0,0.0,11.0,11,11
2026-07-14,05:00,12,11.4,0.011,0.0,0.0,-622.8,-0.623,634.2,0.634,0.0,0.0,11.0,11,11
2026-07-14,06:00,12,428.4,0.428,102.7,0.103,-109.5,-0.11,435.2,0.435,0.0,0.0,11.2,11,12
2026-07-14,07:00,12,1326.8,1.327,904.7,0.905,0.0,0.0,422.1,0.422,0.0,0.0,14.7,12,18
2026-07-14,08:00,12,2268.4,2.268,958.7,0.959,-33.8,-0.034,1343.6,1.344,0.0,0.0,21.2,19,24
2026-07-14,09:00,12,2706.1,2.706,1444.8,1.445,-28.1,-0.028,1289.4,1.289,0.0,0.0,29.7,25,34
2026-07-14,10:00,12,2474.7,2.475,1273.0,1.273,-22.7,-0.023,1224.3,1.224,0.0,0.0,38.8,35,43
2026-07-14,11:00,12,3747.3,3.747,2204.2,2.204,-4.0,-0.004,1547.2,1.547,0.0,0.0,49.9,44,58
2026-07-14,12:00,12,4306.6,4.307,1863.8,1.864,-25.3,-0.025,2468.1,2.468,0.0,0.0,65.5,60,72
2026-07-14,13:00,12,4108.6,4.109,1810.3,1.81,-28.0,-0.028,2326.2,2.326,0.0,0.0,78.4,73,84
2026-07-14,14:00,12,3472.9,3.473,1324.6,1.325,-43.0,-0.043,2191.3,2.191,0.0,0.0,89.6,85,93
2026-07-14,15:00,12,2371.5,2.372,545.3,0.545,-17.2,-0.017,1843.3,1.843,0.0,0.0,96.1,94,97
2026-07-14,16:00,12,1450.5,1.451,-290.3,-0.29,-46.9,-0.047,1787.8,1.788,0.0,0.0,96.9,95,98
2026-07-14,17:00,12,506.9,0.507,-1653.8,-1.654,-28.0,-0.028,2188.8,2.189,0.0,0.0,90.7,85,95
2026-07-14,18:00,12,56.4,0.056,-1472.2,-1.472,-37.5,-0.037,1566.2,1.566,0.0,0.0,79.4,74,84
2026-07-14,19:00,12,0.0,0.0,-1319.3,-1.319,-101.0,-0.101,1420.3,1.42,0.0,0.0,69.2,65,73
2026-07-14,20:00,10,0.0,0.0,-1232.3,-1.027,-103.4,-0.086,1335.7,1.113,0.0,0.0,60.2,56,64
2026-07-14,21:00,12,0.0,0.0,-1043.3,-1.043,-107.7,-0.108,1151.0,1.151,0.0,0.0,51.5,48,55
2026-07-14,22:00,12,0.0,0.0,-1010.6,-1.011,-105.1,-0.105,1115.7,1.116,0.0,0.0,43.6,40,47
2026-07-14,23:00,12,0.0,0.0,-735.8,-0.736,-97.0,-0.097,832.8,0.833,0.0,0.0,37.2,35,40
2026-07-15,00:00,12,0.0,0.0,-861.2,-0.861,-102.3,-0.102,963.6,0.964,0.0,0.0,31.5,29,34
2026-07-15,01:00,12,0.0,0.0,-774.8,-0.775,-95.7,-0.096,870.5,0.871,0.0,0.0,25.6,23,28
2026-07-15,02:00,12,0.0,0.0,-717.1,-0.717,-97.0,-0.097,814.1,0.814,0.0,0.0,20.2,18,23
2026-07-15,03:00,12,0.0,0.0,-607.2,-0.607,-91.8,-0.092,699.0,0.699,0.0,0.0,15.1,13,17
2026-07-15,04:00,12,0.0,0.0,-349.1,-0.349,-683.8,-0.684,1032.8,1.033,0.0,0.0,11.4,11,13
2026-07-15,05:00,12,11.6,0.012,0.0,0.0,-860.0,-0.86,871.6,0.872,0.0,0.0,11.0,11,11
2026-07-15,06:00,12,435.6,0.436,82.1,0.082,-171.8,-0.172,525.2,0.525,0.0,0.0,11.0,11,11
2026-07-15,07:00,12,1341.3,1.341,584.0,0.584,-2.7,-0.003,760.0,0.76,0.0,0.0,13.1,11,15
2026-07-15,08:00,12,1977.3,1.977,1208.2,1.208,-2.7,-0.003,771.8,0.772,0.0,0.0,19.9,16,24
2026-07-15,09:00,12,2546.7,2.547,1364.2,1.364,-12.0,-0.012,1194.4,1.194,0.0,0.0,28.1,24,33
2026-07-15,10:00,12,3352.0,3.352,2219.7,2.22,-13.4,-0.013,1145.8,1.146,0.0,0.0,41.5,34,49
2026-07-15,11:00,12,4586.1,4.586,2962.6,2.963,-8.1,-0.008,1631.6,1.632,0.0,0.0,60.3,50,70
2026-07-15,12:00,12,4046.8,4.047,1493.2,1.493,-34.9,-0.035,2588.5,2.589,0.0,0.0,75.1,71,80
2026-07-15,13:00,12,2330.3,2.33,-542.7,-0.543,-38.7,-0.039,2911.7,2.912,0.0,0.0,79.0,76,82
2026-07-15,14:00,12,4135.4,4.135,1623.3,1.623,-60.6,-0.061,2572.7,2.573,0.0,0.0,83.0,77,87
2026-07-15,15:00,12,2212.1,2.212,225.2,0.225,-52.4,-0.052,2039.3,2.039,0.0,0.0,89.8,88,91
2026-07-15,16:00,12,981.5,0.982,-1027.2,-1.027,-33.5,-0.034,2042.2,2.042,0.0,0.0,85.7,83,89
2026-07-15,17:00,12,326.0,0.326,-1602.7,-1.603,-45.4,-0.045,1974.1,1.974,0.0,0.0,77.1,72,82
2026-07-15,18:00,12,54.2,0.054,-1636.1,-1.636,-49.5,-0.05,1739.8,1.74,0.0,0.0,65.5,60,71
2026-07-15,19:00,12,0.0,0.0,-1497.5,-1.498,-98.3,-0.098,1595.8,1.596,0.0,0.0,52.8,48,58
2026-07-15,20:00,12,0.0,0.0,-1294.8,-1.295,-110.4,-0.11,1405.2,1.405,0.0,0.0,43.4,39,48
2026-07-15,21:00,12,0.0,0.0,-1320.2,-1.32,-111.8,-0.112,1432.0,1.432,0.0,0.0,34.1,30,38
2026-07-15,22:00,12,0.0,0.0,-1145.2,-1.145,-111.8,-0.112,1257.1,1.257,0.0,0.0,25.2,21,29
2026-07-15,23:00,12,0.0,0.0,-1040.8,-1.041,-109.1,-0.109,1149.9,1.15,0.0,0.0,17.3,14,21
2026-07-16,00:00,12,0.0,0.0,-378.9,-0.379,-659.3,-0.659,1038.2,1.038,0.0,0.0,11.4,10,13
2026-07-16,01:00,12,0.0,0.0,0.0,0.0,-958.9,-0.959,958.9,0.959,0.0,0.0,11.0,11,11
2026-07-16,02:00,12,0.0,0.0,0.8,0.001,-855.8,-0.856,855.0,0.855,0.0,0.0,11.0,11,11
2026-07-16,03:00,12,0.0,0.0,5.0,0.005,-899.2,-0.899,894.2,0.894,0.0,0.0,11.0,11,11
2026-07-16,04:00,12,0.0,0.0,0.0,0.0,-1192.0,-1.192,1192.0,1.192,0.0,0.0,11.0,11,11
2026-07-16,05:00,12,15.3,0.015,1.2,0.001,-658.1,-0.658,672.2,0.672,0.0,0.0,11.0,11,11
2026-07-16,06:00,12,344.7,0.345,2.5,0.003,-312.4,-0.312,654.6,0.655,0.0,0.0,11.0,11,11
2026-07-16,07:00,12,1215.4,1.215,377.4,0.377,-537.6,-0.538,1375.6,1.376,0.0,0.0,11.6,11,13
2026-07-16,08:00,12,2269.4,2.269,1320.2,1.32,-14.8,-0.015,964.0,0.964,0.0,0.0,18.1,14,23
2026-07-16,09:00,12,2894.2,2.894,1034.3,1.034,-82.2,-0.082,1942.1,1.942,0.0,0.0,26.5,23,30
2026-07-16,10:00,12,3725.8,3.726,1651.4,1.651,-30.8,-0.031,2105.1,2.105,0.0,0.0,35.4,31,40
2026-07-16,11:00,12,4843.9,4.844,2891.2,2.891,-10.7,-0.011,1963.3,1.963,0.0,0.0,50.9,42,60
2026-07-16,12:00,12,5128.2,5.128,1791.9,1.792,-223.1,-0.223,3559.3,3.559,0.0,0.0,68.7,61,75
2026-07-16,13:00,12,4873.0,4.873,-3592.7,-3.593,-2137.7,-2.138,10603.3,10.603,0.0,0.0,61.2,49,73
2026-07-16,14:00,12,4283.2,4.283,-4222.6,-4.223,-2456.1,-2.456,10961.8,10.962,0.0,0.0,32.9,18,47
2026-07-16,15:00,12,2200.8,2.201,-792.2,-0.792,-1817.9,-1.818,4810.9,4.811,0.0,0.0,11.2,10,15
2026-07-16,16:00,12,734.1,0.734,0.0,0.0,-1122.8,-1.123,1856.9,1.857,0.0,0.0,11.0,11,11
2026-07-16,17:00,12,391.8,0.392,0.0,0.0,-1385.7,-1.386,1777.5,1.778,0.0,0.0,11.0,11,11
2026-07-16,18:00,12,48.4,0.048,0.0,0.0,-1584.9,-1.585,1633.3,1.633,0.0,0.0,11.0,11,11
2026-07-16,19:00,12,0.0,0.0,0.0,0.0,-1678.5,-1.679,1678.5,1.679,0.0,0.0,11.0,11,11
2026-07-16,20:00,12,0.0,0.0,0.0,0.0,-1338.3,-1.338,1338.3,1.338,0.0,0.0,11.0,11,11
2026-07-16,21:00,12,0.0,0.0,5.1,0.005,-1253.0,-1.253,1247.9,1.248,0.0,0.0,11.0,11,11
2026-07-16,22:00,12,0.0,0.0,3.4,0.003,-1164.8,-1.165,1161.3,1.161,0.0,0.0,11.0,11,11
2026-07-16,23:00,12,0.0,0.0,1.2,0.001,-995.5,-0.996,994.2,0.994,0.0,0.0,11.6,11,12
2026-07-17,00:00,12,0.0,0.0,0.0,0.0,-1185.1,-1.185,1185.1,1.185,0.0,0.0,12.0,12,12
2026-07-17,01:00,12,0.0,0.0,0.0,0.0,-1019.8,-1.02,1019.8,1.02,0.0,0.0,12.0,12,12
2026-07-17,02:00,12,0.0,0.0,0.0,0.0,-735.2,-0.735,735.2,0.735,0.0,0.0,12.0,12,12
2026-07-17,03:00,12,0.0,0.0,4.2,0.004,-1286.7,-1.287,1282.4,1.282,0.0,0.0,12.0,12,12
2026-07-17,04:00,12,0.0,0.0,3.8,0.004,-760.9,-0.761,757.1,0.757,0.0,0.0,12.0,12,12
2026-07-17,05:00,12,14.2,0.014,0.0,0.0,-613.4,-0.613,627.6,0.628,0.0,0.0,12.0,12,12
2026-07-17,06:00,12,402.2,0.402,82.0,0.082,-110.8,-0.111,430.9,0.431,0.0,0.0,12.1,12,13
2026-07-17,07:00,12,1281.5,1.282,561.8,0.562,-14.8,-0.015,734.6,0.735,0.0,0.0,14.4,13,17
2026-07-17,08:00,12,2319.2,2.319,1447.5,1.448,-200.4,-0.2,1072.2,1.072,0.0,0.0,21.3,17,27
2026-07-17,09:00,12,2577.8,2.578,1306.2,1.306,-164.9,-0.165,1436.4,1.436,0.0,0.0,30.1,27,34
2026-07-17,10:00,12,3685.8,3.686,1943.8,1.944,-65.7,-0.066,1807.6,1.808,0.0,0.0,41.1,35,47
2026-07-17,11:00,12,4916.2,4.916,2895.8,2.896,-12.0,-0.012,2032.3,2.032,0.0,0.0,57.4,49,66
2026-07-17,12:00,12,5222.2,5.222,2405.8,2.406,-48.5,-0.049,2865.0,2.865,0.0,0.0,76.7,69,84
2026-07-17,13:00,12,4871.5,4.872,1889.4,1.889,9.7,0.01,2972.4,2.972,0.0,0.0,91.2,85,97
2026-07-17,14:00,12,3989.0,3.989,255.4,0.255,1152.7,1.153,2580.9,2.581,0.0,0.0,99.8,98,100
2026-07-17,15:00,12,2586.6,2.587,-57.0,-0.057,683.9,0.684,1959.7,1.96,0.0,0.0,100.0,100,100
2026-07-17,16:00,12,1241.7,1.242,-559.5,-0.559,-52.3,-0.052,1853.5,1.854,0.0,0.0,97.7,96,99
2026-07-17,17:00,12,502.3,0.502,-1053.8,-1.054,-49.4,-0.049,1605.5,1.605,0.0,0.0,92.1,89,95
2026-07-17,18:00,12,33.6,0.034,-1660.9,-1.661,-52.2,-0.052,1746.8,1.747,0.0,0.0,82.2,77,88
2026-07-17,19:00,12,0.0,0.0,-1406.1,-1.406,-107.8,-0.108,1513.8,1.514,0.0,0.0,72.7,68,77
2026-07-17,20:00,12,0.0,0.0,-1330.4,-1.33,-111.8,-0.112,1442.2,1.442,0.0,0.0,62.6,58,67
2026-07-17,21:00,12,0.0,0.0,-1280.8,-1.281,-117.2,-0.117,1398.1,1.398,0.0,0.0,52.8,49,58
2026-07-17,22:00,12,0.0,0.0,-1189.5,-1.19,-111.8,-0.112,1301.2,1.301,0.0,0.0,44.2,40,48
2026-07-17,23:00,12,0.0,0.0,-979.3,-0.979,-117.4,-0.117,1096.8,1.097,0.0,0.0,36.3,33,40
2026-07-18,00:00,12,0.0,0.0,-983.6,-0.984,-111.9,-0.112,1095.5,1.095,0.0,0.0,29.3,26,32
2026-07-18,01:00,12,0.0,0.0,-1015.0,-1.015,-113.2,-0.113,1128.2,1.128,0.0,0.0,22.4,19,26
2026-07-18,02:00,12,0.0,0.0,-907.2,-0.907,-101.0,-0.101,1008.2,1.008,0.0,0.0,15.2,12,18
2026-07-18,03:00,12,0.0,0.0,-176.9,-0.177,-652.6,-0.653,829.5,0.83,0.0,0.0,11.1,11,12
2026-07-18,04:00,12,0.0,0.0,1.2,0.001,-915.5,-0.915,914.2,0.914,0.0,0.0,11.0,11,11
2026-07-18,05:00,12,14.6,0.015,0.0,0.0,-553.9,-0.554,568.5,0.569,0.0,0.0,11.0,11,11
2026-07-18,06:00,12,486.5,0.486,118.1,0.118,-102.7,-0.103,471.1,0.471,0.0,0.0,11.1,11,12
2026-07-18,07:00,12,1409.0,1.409,935.5,0.935,0.0,0.0,473.5,0.474,0.0,0.0,14.4,12,18
2026-07-18,08:00,12,2357.7,2.358,1118.2,1.118,-100.9,-0.101,1340.4,1.34,0.0,0.0,21.9,19,26
2026-07-18,09:00,12,2206.7,2.207,573.8,0.574,-445.5,-0.446,2078.4,2.078,0.0,0.0,28.8,26,30
2026-07-18,10:00,12,2227.9,2.228,421.2,0.421,-71.7,-0.072,1878.3,1.878,0.0,0.0,33.4,30,35
2026-07-18,11:00,12,3752.5,3.752,814.0,0.814,-47.3,-0.047,2985.8,2.986,0.0,0.0,39.1,35,43
2026-07-18,12:00,12,4376.2,4.376,1687.2,1.687,-69.0,-0.069,2758.0,2.758,0.0,0.0,47.2,44,54
2026-07-18,13:00,12,3808.1,3.808,822.8,0.823,-60.8,-0.061,3046.0,3.046,0.0,0.0,58.2,55,61
2026-07-18,14:00,12,4307.5,4.308,2013.6,2.014,-60.8,-0.061,2354.7,2.355,0.0,0.0,68.7,62,75
2026-07-18,15:00,12,2981.7,2.982,833.3,0.833,-62.2,-0.062,2210.5,2.211,0.0,0.0,79.1,76,81
2026-07-18,16:00,12,1434.4,1.434,-674.0,-0.674,-74.3,-0.074,2182.8,2.183,0.0,0.0,78.8,76,80
2026-07-18,17:00,12,459.8,0.46,-1212.8,-1.213,-56.3,-0.056,1729.0,1.729,0.0,0.0,72.3,68,76
2026-07-18,18:00,12,24.3,0.024,-2018.2,-2.018,-67.4,-0.067,2110.0,2.11,0.0,0.0,60.1,54,67
2026-07-18,19:00,12,0.0,0.0,-1625.9,-1.626,-115.9,-0.116,1741.8,1.742,0.0,0.0,47.5,42,53
2026-07-18,20:00,12,0.0,0.0,-1626.5,-1.627,-115.9,-0.116,1742.4,1.742,0.0,0.0,35.5,30,41
2026-07-18,21:00,12,0.0,0.0,-1535.7,-1.536,-120.2,-0.12,1655.8,1.656,0.0,0.0,24.5,19,30
2026-07-18,22:00,12,0.0,0.0,-1176.3,-1.176,-224.4,-0.224,1400.8,1.401,0.0,0.0,14.6,11,19
2026-07-18,23:00,12,0.0,0.0,0.0,0.0,-1216.2,-1.216,1216.2,1.216,0.0,0.0,11.0,11,11
2026-07-19,00:00,12,0.0,0.0,2.1,0.002,-1156.8,-1.157,1154.7,1.155,0.0,0.0,11.0,11,11
2026-07-19,01:00,12,0.0,0.0,0.0,0.0,-1388.3,-1.388,1388.3,1.388,0.0,0.0,11.0,11,11
2026-07-19,02:00,12,0.0,0.0,0.0,0.0,-868.1,-0.868,868.1,0.868,0.0,0.0,11.0,11,11
2026-07-19,03:00,12,0.0,0.0,3.8,0.004,-876.2,-0.876,872.4,0.872,0.0,0.0,11.0,11,11
2026-07-19,04:00,12,0.0,0.0,0.0,0.0,-816.6,-0.817,816.6,0.817,0.0,0.0,11.0,11,11
2026-07-19,05:00,12,12.3,0.012,0.0,0.0,-743.3,-0.743,755.7,0.756,0.0,0.0,11.0,11,11
2026-07-19,06:00,12,382.7,0.383,7.7,0.008,-566.1,-0.566,941.1,0.941,0.0,0.0,11.3,11,12
2026-07-19,07:00,12,1272.3,1.272,570.2,0.57,-16.2,-0.016,718.4,0.718,0.0,0.0,12.8,12,15
2026-07-19,08:00,12,1936.3,1.936,609.2,0.609,-614.8,-0.615,1941.8,1.942,0.0,0.0,17.4,16,19
2026-07-19,09:00,12,2897.2,2.897,1076.2,1.076,-435.9,-0.436,2257.0,2.257,0.0,0.0,21.8,19,25
2026-07-19,10:00,12,3918.3,3.918,1758.9,1.759,-45.7,-0.046,2205.1,2.205,0.0,0.0,30.4,25,36
2026-07-19,11:00,12,4884.8,4.885,2227.8,2.228,-60.8,-0.061,2717.8,2.718,0.0,0.0,43.6,37,51
2026-07-19,12:00,12,4966.0,4.966,2369.8,2.37,-44.5,-0.044,2640.7,2.641,0.0,0.0,61.0,53,69
2026-07-19,13:00,12,4885.0,4.885,2304.5,2.304,-60.8,-0.061,2641.3,2.641,0.0,0.0,78.5,71,86
2026-07-19,14:00,12,979.8,0.98,-973.5,-0.974,-59.3,-0.059,2012.6,2.013,0.0,0.0,81.8,79,85
2026-07-19,15:00,12,761.5,0.762,-614.5,-0.615,-60.6,-0.061,1436.6,1.437,0.0,0.0,76.2,75,78
2026-07-19,16:00,12,786.3,0.786,-529.2,-0.529,-46.8,-0.047,1362.3,1.362,0.0,0.0,72.5,71,74
2026-07-19,17:00,12,512.6,0.513,-876.9,-0.877,-46.8,-0.047,1436.3,1.436,0.0,0.0,68.0,65,71
2026-07-19,18:00,12,55.2,0.055,-1557.3,-1.557,-48.3,-0.048,1660.9,1.661,0.0,0.0,59.5,54,65
2026-07-19,19:00,12,0.0,0.0,-1488.2,-1.488,-101.0,-0.101,1589.2,1.589,0.0,0.0,47.8,43,53
2026-07-19,20:00,12,0.0,0.0,-1116.6,-1.117,-105.0,-0.105,1221.6,1.222,0.0,0.0,39.2,36,43
2026-07-19,21:00,12,0.0,0.0,-1052.3,-1.052,-107.8,-0.108,1160.1,1.16,0.0,0.0,31.5,28,35
2026-07-19,22:00,12,0.0,0.0,-1064.6,-1.065,-113.2,-0.113,1177.8,1.178,0.0,0.0,23.8,20,28
2026-07-19,23:00,12,0.0,0.0,-873.8,-0.874,-103.8,-0.104,977.7,0.978,0.0,0.0,16.6,14,20
2026-07-20,00:00,12,0.0,0.0,-426.4,-0.426,-587.5,-0.588,1013.9,1.014,0.0,0.0,11.3,10,13
2026-07-20,01:00,12,0.0,0.0,1.7,0.002,-933.1,-0.933,931.4,0.931,0.0,0.0,11.0,11,11
2026-07-20,02:00,12,0.0,0.0,2.6,0.003,-842.2,-0.842,839.7,0.84,0.0,0.0,11.0,11,11
2026-07-20,03:00,12,0.0,0.0,0.0,0.0,-797.6,-0.798,797.6,0.798,0.0,0.0,11.0,11,11
2026-07-20,04:00,12,0.0,0.0,0.0,0.0,-782.6,-0.783,782.6,0.783,0.0,0.0,11.0,11,11
2026-07-20,05:00,12,24.8,0.025,1.7,0.002,-525.3,-0.525,548.4,0.548,0.0,0.0,11.0,11,11
2026-07-20,06:00,12,450.9,0.451,50.8,0.051,-116.3,-0.116,516.5,0.516,0.0,0.0,11.0,11,11
2026-07-20,07:00,12,1415.7,1.416,888.8,0.889,0.0,0.0,526.9,0.527,0.0,0.0,14.0,12,17
2026-07-20,08:00,12,2451.6,2.452,1495.0,1.495,-24.3,-0.024,980.9,0.981,0.0,0.0,21.3,18,26
2026-07-20,09:00,11,2873.7,2.634,1606.5,1.473,-196.0,-0.18,1463.3,1.341,0.0,0.0,31.4,27,37
2026-07-20,10:00,12,3436.0,3.436,1777.5,1.778,-33.4,-0.033,1691.9,1.692,0.0,0.0,42.6,37,48
2026-07-20,11:00,12,4850.8,4.851,2875.7,2.876,-43.0,-0.043,2018.2,2.018,0.0,0.0,58.5,50,68
2026-07-20,12:00,12,5043.0,5.043,2104.6,2.105,-24.1,-0.024,2962.5,2.962,0.0,0.0,76.0,70,82
2026-07-20,13:00,12,4723.5,4.724,-2904.6,-2.905,-2286.7,-2.287,9914.8,9.915,0.0,0.0,73.8,61,84
2026-07-20,14:00,12,3841.6,3.842,-4708.3,-4.708,-2071.2,-2.071,10621.2,10.621,0.0,0.0,43.8,27,59
2026-07-20,15:00,12,2596.3,2.596,-1781.5,-1.782,-3332.8,-3.333,7710.6,7.711,0.0,0.0,13.4,10,24
2026-07-20,16:00,12,1593.8,1.594,5.2,0.005,-536.2,-0.536,2124.8,2.125,0.0,0.0,11.0,11,11
2026-07-20,17:00,12,564.7,0.565,0.0,0.0,-1350.5,-1.351,1915.2,1.915,0.0,0.0,11.0,11,11
2026-07-20,18:00,12,33.2,0.033,2.1,0.002,-2070.0,-2.07,2101.1,2.101,0.0,0.0,11.0,11,11
2026-07-20,19:00,12,0.0,0.0,0.0,0.0,-1454.9,-1.455,1454.9,1.455,0.0,0.0,11.0,11,11
2026-07-20,20:00,12,0.0,0.0,0.0,0.0,-1403.3,-1.403,1403.3,1.403,0.0,0.0,11.0,11,11
2026-07-20,21:00,11,0.0,0.0,0.0,0.0,-1433.5,-1.314,1433.5,1.314,0.0,0.0,11.9,11,12
2026-07-20,22:00,12,0.0,0.0,0.0,0.0,-1403.3,-1.403,1403.3,1.403,0.0,0.0,12.0,12,12
2026-07-20,23:00,12,0.0,0.0,5.2,0.005,-1132.2,-1.132,1127.1,1.127,0.0,0.0,12.0,12,12
2026-07-21,00:00,12,0.0,0.0,0.0,0.0,-1168.9,-1.169,1168.9,1.169,0.0,0.0,12.0,12,12
2026-07-21,01:00,12,0.0,0.0,0.0,0.0,-1192.1,-1.192,1192.1,1.192,0.0,0.0,12.0,12,12
2026-07-21,02:00,12,0.0,0.0,0.0,0.0,-985.8,-0.986,985.8,0.986,0.0,0.0,12.0,12,12
2026-07-21,03:00,12,0.0,0.0,0.0,0.0,-1435.8,-1.436,1435.8,1.436,0.0,0.0,12.0,12,12
2026-07-21,04:00,12,0.0,0.0,1.7,0.002,-1172.8,-1.173,1171.1,1.171,0.0,0.0,12.0,12,12
2026-07-21,05:00,12,21.0,0.021,1.7,0.002,-528.0,-0.528,547.3,0.547,0.0,0.0,12.0,12,12
2026-07-21,06:00,12,315.7,0.316,40.7,0.041,-163.4,-0.163,438.4,0.438,0.0,0.0,12.2,12,13
2026-07-21,07:00,12,1273.1,1.273,866.5,0.867,0.0,0.0,406.6,0.407,0.0,0.0,15.1,13,18
2026-07-21,08:00,12,2019.7,2.02,1178.5,1.179,-6.8,-0.007,847.9,0.848,0.0,0.0,22.5,19,26
2026-07-21,09:00,11,2186.5,2.004,866.8,0.795,-48.5,-0.044,1368.1,1.254,0.0,0.0,29.4,27,33
2026-07-21,10:00,10,3923.9,3.27,2360.1,1.967,-32.1,-0.027,1595.9,1.33,0.0,0.0,39.9,34,48
2026-07-21,11:00,12,4197.9,4.198,2202.2,2.202,-37.4,-0.037,2033.2,2.033,0.0,0.0,58.2,50,67
2026-07-21,12:00,12,4308.2,4.308,1362.8,1.363,-55.3,-0.055,3000.8,3.001,0.0,0.0,73.3,67,78
2026-07-21,13:00,11,3461.9,3.173,450.4,0.413,-52.7,-0.048,3064.3,2.809,0.0,0.0,78.9,78,80
2026-07-21,14:00,11,3533.0,3.239,850.3,0.779,-61.8,-0.057,2744.5,2.516,0.0,0.0,84.0,81,86
2026-07-21,15:00,11,1422.7,1.304,-393.6,-0.361,-54.3,-0.05,1870.6,1.715,0.0,0.0,86.6,83,88
2026-07-21,16:00,12,114.5,0.115,-1603.1,-1.603,-45.4,-0.045,1763.0,1.763,0.0,0.0,76.7,71,82
2026-07-21,17:00,10,34.4,0.029,-1664.5,-1.387,-49.7,-0.041,1748.6,1.457,0.0,0.0,65.8,61,70
2026-07-21,18:00,12,8.5,0.009,-1722.1,-1.722,-60.3,-0.06,1790.9,1.791,0.0,0.0,52.8,48,59
2026-07-21,19:00,10,0.0,0.0,-1474.6,-1.229,-116.5,-0.097,1591.1,1.326,0.0,0.0,42.1,38,46
2026-07-21,20:00,11,0.0,0.0,-1346.9,-1.235,-110.2,-0.101,1457.1,1.336,0.0,0.0,32.4,28,36
2026-07-21,21:00,9,0.0,0.0,-1403.6,-1.053,-113.2,-0.085,1516.8,1.138,0.0,0.0,22.6,19,27
2026-07-21,22:00,12,0.0,0.0,-1029.2,-1.029,-380.3,-0.38,1409.5,1.409,0.0,0.0,13.6,10,18
2026-07-21,23:00,12,0.0,0.0,3.8,0.004,-1078.2,-1.078,1074.4,1.074,0.0,0.0,11.0,11,11
2026-07-22,00:00,12,0.0,0.0,0.0,0.0,-1041.4,-1.041,1041.4,1.041,0.0,0.0,11.0,11,11
2026-07-22,01:00,12,0.0,0.0,0.0,0.0,-1071.2,-1.071,1071.2,1.071,0.0,0.0,11.0,11,11
2026-07-22,02:00,12,0.0,0.0,1.7,0.002,-908.8,-0.909,907.1,0.907,0.0,0.0,11.0,11,11
2026-07-22,03:00,12,0.0,0.0,0.0,0.0,-757.1,-0.757,757.1,0.757,0.0,0.0,11.0,11,11
2026-07-22,04:00,12,0.0,0.0,0.0,0.0,-1063.2,-1.063,1063.2,1.063,0.0,0.0,11.0,11,11
2026-07-22,05:00,12,11.1,0.011,4.2,0.004,-505.0,-0.505,511.8,0.512,0.0,0.0,11.0,11,11
2026-07-22,06:00,12,571.4,0.571,144.2,0.144,-93.2,-0.093,520.5,0.52,0.0,0.0,11.4,11,12
2026-07-22,07:00,12,1200.1,1.2,755.2,0.755,0.0,0.0,444.9,0.445,0.0,0.0,14.6,12,17
2026-07-22,08:00,12,1881.1,1.881,1090.3,1.09,-4.0,-0.004,794.8,0.795,0.0,0.0,20.7,18,24
2026-07-22,09:00,12,2646.1,2.646,1454.8,1.455,-37.4,-0.037,1228.8,1.229,0.0,0.0,29.2,25,35
2026-07-22,10:00,12,3642.1,3.642,2420.2,2.42,-43.0,-0.043,1264.8,1.265,0.0,0.0,43.2,36,51
2026-07-22,11:00,12,4172.1,4.172,2586.1,2.586,-25.6,-0.026,1611.6,1.612,0.0,0.0,59.4,53,68
2026-07-22,12:00,12,5025.8,5.026,2364.6,2.365,-30.9,-0.031,2692.1,2.692,0.0,0.0,76.3,71,82
2026-07-22,13:00,11,4495.3,4.121,-4060.0,-3.722,-1906.5,-1.748,10461.8,9.59,0.0,0.0,68.7,58,80
2026-07-22,14:00,12,3880.0,3.88,-4673.4,-4.673,-1918.2,-1.918,10471.7,10.472,0.0,0.0,37.5,21,53
2026-07-22,15:00,12,2549.3,2.549,-1228.5,-1.228,-1504.9,-1.505,5282.8,5.283,0.0,0.0,12.0,10,18
2026-07-22,16:00,11,831.2,0.762,0.0,0.0,-1229.5,-1.127,2060.6,1.889,0.0,0.0,12.0,12,12
2026-07-22,17:00,10,558.2,0.465,5.1,0.004,-1324.6,-1.104,1877.7,1.565,0.0,0.0,12.0,12,12
2026-07-22,18:00,12,145.0,0.145,0.0,0.0,-1506.2,-1.506,1651.2,1.651,0.0,0.0,12.0,12,12
2026-07-22,19:00,11,0.0,0.0,0.0,0.0,-1847.2,-1.693,1847.2,1.693,0.0,0.0,12.0,12,12
2026-07-22,20:00,12,0.0,0.0,0.0,0.0,-1804.4,-1.804,1804.4,1.804,0.0,0.0,12.0,12,12
2026-07-22,21:00,12,0.0,0.0,0.0,0.0,-1381.7,-1.382,1381.7,1.382,0.0,0.0,12.0,12,12
2026-07-22,22:00,12,0.0,0.0,5.5,0.005,-1225.8,-1.226,1220.2,1.22,0.0,0.0,12.1,12,13
2026-07-22,23:00,12,0.0,0.0,0.0,0.0,-1094.4,-1.094,1094.4,1.094,0.0,0.0,13.0,13,13
2026-07-23,00:00,12,0.0,0.0,0.0,0.0,-1094.5,-1.095,1094.5,1.095,0.0,0.0,13.0,13,13
2026-07-23,01:00,12,0.0,0.0,0.0,0.0,-1071.4,-1.071,1071.4,1.071,0.0,0.0,13.0,13,13
2026-07-23,02:00,12,0.0,0.0,0.0,0.0,-971.0,-0.971,971.0,0.971,0.0,0.0,13.0,13,13
2026-07-23,03:00,12,0.0,0.0,0.0,0.0,-1350.4,-1.35,1350.4,1.35,0.0,0.0,13.0,13,13
2026-07-23,04:00,12,0.0,0.0,2.9,0.003,-1002.0,-1.002,999.1,0.999,0.0,0.0,13.0,13,13
2026-07-23,05:00,12,6.7,0.007,5.4,0.005,-801.8,-0.802,803.0,0.803,0.0,0.0,13.0,13,13
2026-07-23,06:00,12,310.2,0.31,0.0,0.0,-335.7,-0.336,645.9,0.646,0.0,0.0,13.0,13,13
2026-07-23,07:00,12,1093.8,1.094,481.9,0.482,0.0,0.0,611.8,0.612,0.0,0.0,14.8,13,16
2026-07-23,08:00,12,1440.8,1.441,728.7,0.729,0.0,0.0,712.1,0.712,0.0,0.0,19.9,17,22
2026-07-23,09:00,12,2429.5,2.429,1312.0,1.312,-29.5,-0.03,1147.0,1.147,0.0,0.0,25.3,22,31
2026-07-23,10:00,12,2932.7,2.933,1288.8,1.289,-38.9,-0.039,1682.8,1.683,0.0,0.0,36.1,31,39
2026-07-23,11:00,12,2957.0,2.957,1371.0,1.371,-24.0,-0.024,1610.0,1.61,0.0,0.0,43.7,40,48
2026-07-23,12:00,12,5094.8,5.095,2128.8,2.129,-66.2,-0.066,3032.2,3.032,0.0,0.0,56.8,50,64
2026-07-23,13:00,12,4126.7,4.127,1567.8,1.568,-41.7,-0.042,2600.6,2.601,0.0,0.0,70.3,65,76
2026-07-23,14:00,12,3825.6,3.826,1200.8,1.201,-56.5,-0.057,2681.3,2.681,0.0,0.0,80.8,77,85
2026-07-23,15:00,12,2117.7,2.118,89.2,0.089,-63.6,-0.064,2092.0,2.092,0.0,0.0,85.4,85,86
2026-07-23,16:00,12,1391.8,1.392,-507.2,-0.507,-60.8,-0.061,1959.8,1.96,0.0,0.0,83.8,82,85
2026-07-23,17:00,12,527.2,0.527,-1272.3,-1.272,-57.8,-0.058,1857.4,1.857,0.0,0.0,77.8,73,82
2026-07-23,18:00,12,65.3,0.065,-1606.4,-1.606,-45.5,-0.045,1717.2,1.717,0.0,0.0,67.6,62,72
2026-07-23,19:00,12,0.0,0.0,-1448.5,-1.449,-106.3,-0.106,1554.8,1.555,0.0,0.0,55.8,51,61
2026-07-23,20:00,12,0.0,0.0,-1453.2,-1.453,-115.9,-0.116,1569.1,1.569,0.0,0.0,45.2,40,50
2026-07-23,21:00,12,0.0,0.0,-1491.3,-1.491,-201.3,-0.201,1692.7,1.693,0.0,0.0,34.7,30,40
2026-07-23,22:00,11,0.0,0.0,-1156.8,-1.06,-102.7,-0.094,1259.5,1.155,0.0,0.0,25.6,22,30
2026-07-23,23:00,12,0.0,0.0,-853.3,-0.853,-105.1,-0.105,958.4,0.958,0.0,0.0,19.1,16,22
2026-07-24,00:00,12,0.0,0.0,-762.3,-0.762,-98.3,-0.098,860.7,0.861,0.0,0.0,13.4,11,16
2026-07-24,01:00,12,0.0,0.0,0.8,0.001,-912.8,-0.913,912.0,0.912,0.0,0.0,11.0,11,11
2026-07-24,02:00,12,0.0,0.0,0.0,0.0,-785.6,-0.786,785.6,0.786,0.0,0.0,11.0,11,11
2026-07-24,03:00,12,0.0,0.0,3.3,0.003,-781.4,-0.781,778.1,0.778,0.0,0.0,11.0,11,11
2026-07-24,04:00,12,0.0,0.0,0.0,0.0,-820.8,-0.821,820.8,0.821,0.0,0.0,11.0,11,11
2026-07-24,05:00,12,7.8,0.008,1.2,0.001,-518.7,-0.519,525.2,0.525,0.0,0.0,11.0,11,11
2026-07-24,06:00,12,258.6,0.259,4.7,0.005,-243.4,-0.243,497.3,0.497,0.0,0.0,11.0,11,11
2026-07-24,07:00,10,646.5,0.539,188.8,0.157,-6.5,-0.005,464.2,0.387,0.0,0.0,11.7,11,12
2026-07-24,08:00,11,500.2,0.459,17.8,0.016,-224.3,-0.206,706.6,0.648,0.0,0.0,13.0,13,13
2026-07-24,09:00,12,1747.1,1.747,654.8,0.655,-80.8,-0.081,1173.1,1.173,0.0,0.0,14.1,13,17
2026-07-24,10:00,11,2123.3,1.946,821.6,0.753,-107.4,-0.098,1409.0,1.292,0.0,0.0,20.5,17,22
2026-07-24,11:00,12,1979.8,1.98,751.2,0.751,-248.8,-0.249,1477.3,1.477,0.0,0.0,25.5,23,27
2026-07-24,12:00,12,3473.9,3.474,1890.8,1.891,-40.1,-0.04,1623.2,1.623,0.0,0.0,33.6,27,40
2026-07-24,13:00,12,2274.8,2.275,888.1,0.888,-33.5,-0.034,1420.2,1.42,0.0,0.0,43.8,41,47
2026-07-24,14:00,12,1703.7,1.704,196.5,0.197,-48.2,-0.048,1555.4,1.555,0.0,0.0,48.8,47,50
2026-07-24,15:00,12,1341.3,1.341,97.4,0.097,-44.2,-0.044,1288.2,1.288,0.0,0.0,48.8,48,49
2026-07-24,16:00,12,891.7,0.892,-596.3,-0.596,-33.7,-0.034,1521.7,1.522,0.0,0.0,47.6,46,49
2026-07-24,17:00,12,284.2,0.284,-860.9,-0.861,-25.4,-0.025,1170.5,1.171,0.0,0.0,42.3,39,45
2026-07-24,18:00,12,10.8,0.011,-1123.0,-1.123,-26.8,-0.027,1160.7,1.161,0.0,0.0,34.8,31,38
2026-07-24,19:00,12,0.0,0.0,-1035.4,-1.035,-101.0,-0.101,1136.4,1.136,0.0,0.0,26.2,22,31
2026-07-24,20:00,12,0.0,0.0,-1041.8,-1.042,-102.3,-0.102,1144.2,1.144,0.0,0.0,18.0,15,22
2026-07-24,21:00,12,0.0,0.0,-432.7,-0.433,-757.0,-0.757,1189.7,1.19,0.0,0.0,11.4,10,14
2026-07-24,22:00,12,0.0,0.0,1.7,0.002,-1174.2,-1.174,1172.5,1.173,0.0,0.0,11.0,11,11
2026-07-24,23:00,12,0.0,0.0,0.0,0.0,-946.7,-0.947,946.7,0.947,0.0,0.0,11.0,11,11
2026-07-25,00:00,12,0.0,0.0,2.9,0.003,-954.7,-0.955,951.8,0.952,0.0,0.0,11.0,11,11
2026-07-25,01:00,12,0.0,0.0,0.0,0.0,-1059.2,-1.059,1059.2,1.059,0.0,0.0,11.0,11,11
2026-07-25,02:00,12,0.0,0.0,0.0,0.0,-1010.2,-1.01,1010.2,1.01,0.0,0.0,11.0,11,11
2026-07-25,03:00,12,0.0,0.0,0.0,0.0,-849.0,-0.849,849.0,0.849,0.0,0.0,11.0,11,11
2026-07-25,04:00,12,0.0,0.0,2.1,0.002,-885.6,-0.886,883.5,0.884,0.0,0.0,11.0,11,11
2026-07-25,05:00,12,3.8,0.004,0.0,0.0,-602.3,-0.602,606.1,0.606,0.0,0.0,11.0,11,11
2026-07-25,06:00,12,196.1,0.196,0.0,0.0,-307.1,-0.307,503.2,0.503,0.0,0.0,11.0,11,11
2026-07-25,07:00,12,657.7,0.658,152.5,0.152,-5.4,-0.005,510.6,0.511,0.0,0.0,11.7,11,12
2026-07-25,08:00,12,1229.4,1.229,421.8,0.422,-20.2,-0.02,827.9,0.828,0.0,0.0,13.7,13,15
2026-07-25,09:00,12,2145.2,2.145,553.0,0.553,-33.6,-0.034,1625.8,1.626,0.0,0.0,16.9,15,19
2026-07-25,10:00,12,2507.7,2.508,879.8,0.88,-241.9,-0.242,1869.8,1.87,0.0,0.0,22.6,19,25
2026-07-25,11:00,12,3293.5,3.293,1054.8,1.055,-76.7,-0.077,2315.4,2.315,0.0,0.0,27.8,25,32
2026-07-25,12:00,12,4608.2,4.608,2555.8,2.556,-44.3,-0.044,2096.8,2.097,0.0,0.0,39.9,33,47
2026-07-25,13:00,12,3469.4,3.469,1586.5,1.587,-36.0,-0.036,1918.9,1.919,0.0,0.0,52.6,47,56
2026-07-25,14:00,12,3023.2,3.023,954.8,0.955,-42.8,-0.043,2111.2,2.111,0.0,0.0,61.9,58,64
2026-07-25,15:00,12,628.8,0.629,-1181.7,-1.182,-28.0,-0.028,1838.5,1.839,0.0,0.0,59.9,55,64
2026-07-25,16:00,12,154.9,0.155,-1397.4,-1.397,-29.4,-0.029,1581.8,1.582,0.0,0.0,50.1,46,54
2026-07-25,17:00,12,36.3,0.036,-1076.9,-1.077,-4.0,-0.004,1117.2,1.117,0.0,0.0,41.5,38,45
2026-07-25,18:00,12,5.4,0.005,-1188.7,-1.189,-33.6,-0.034,1227.7,1.228,0.0,0.0,32.8,29,37
2026-07-25,19:00,12,0.0,0.0,-1084.2,-1.084,-94.3,-0.094,1178.5,1.179,0.0,0.0,24.3,21,28
2026-07-25,20:00,12,0.0,0.0,-999.3,-0.999,-98.3,-0.098,1097.7,1.098,0.0,0.0,16.8,14,20
2026-07-25,21:00,12,0.0,0.0,-405.6,-0.406,-702.7,-0.703,1108.2,1.108,0.0,0.0,11.3,11,13
2026-07-25,22:00,12,0.0,0.0,2.1,0.002,-1186.5,-1.187,1184.4,1.184,0.0,0.0,11.0,11,11
2026-07-25,23:00,12,0.0,0.0,0.0,0.0,-912.9,-0.913,912.9,0.913,0.0,0.0,11.0,11,11
2026-07-26,00:00,12,0.0,0.0,3.8,0.004,-843.7,-0.844,839.9,0.84,0.0,0.0,11.0,11,11
2026-07-26,01:00,12,0.0,0.0,0.0,0.0,-954.8,-0.955,954.8,0.955,0.0,0.0,11.0,11,11
2026-07-26,02:00,12,0.0,0.0,0.0,0.0,-888.4,-0.888,888.4,0.888,0.0,0.0,11.0,11,11
2026-07-26,03:00,12,0.0,0.0,0.0,0.0,-781.3,-0.781,781.3,0.781,0.0,0.0,11.0,11,11
2026-07-26,04:00,12,0.0,0.0,1.2,0.001,-938.6,-0.939,937.3,0.937,0.0,0.0,11.0,11,11
2026-07-26,05:00,12,3.7,0.004,0.0,0.0,-540.2,-0.54,543.8,0.544,0.0,0.0,11.0,11,11
2026-07-26,06:00,12,224.3,0.224,7.3,0.007,-303.0,-0.303,520.0,0.52,0.0,0.0,11.0,11,11
2026-07-26,07:00,12,940.7,0.941,450.0,0.45,0.0,0.0,490.7,0.491,0.0,0.0,12.5,12,14
2026-07-26,08:00,12,1608.3,1.608,757.0,0.757,-45.7,-0.046,897.0,0.897,0.0,0.0,16.6,15,19
2026-07-26,09:00,12,2808.3,2.808,1327.2,1.327,-206.7,-0.207,1687.8,1.688,0.0,0.0,25.9,21,30
2026-07-26,10:00,12,3286.8,3.287,1800.4,1.8,-53.8,-0.054,1540.2,1.54,0.0,0.0,37.1,31,42
2026-07-26,11:00,12,3130.2,3.13,906.8,0.907,-48.3,-0.048,2271.7,2.272,0.0,0.0,46.8,43,49
2026-07-26,12:00,12,3247.2,3.247,1380.0,1.38,-53.8,-0.054,1921.0,1.921,0.0,0.0,52.5,48,57
2026-07-26,13:00,12,3023.0,3.023,1166.8,1.167,-40.1,-0.04,1896.3,1.896,0.0,0.0,62.1,59,66
2026-07-26,14:00,12,2166.6,2.167,398.4,0.398,-48.2,-0.048,1816.4,1.816,0.0,0.0,68.8,67,70
2026-07-26,15:00,12,993.7,0.994,-449.1,-0.449,-46.8,-0.047,1489.6,1.49,0.0,0.0,67.7,66,69
2026-07-26,16:00,12,638.7,0.639,-960.5,-0.961,-42.8,-0.043,1642.0,1.642,0.0,0.0,61.8,58,66
2026-07-26,17:00,12,327.8,0.328,-1505.8,-1.506,-52.2,-0.052,1885.8,1.886,0.0,0.0,52.8,48,57
2026-07-26,18:00,12,55.5,0.056,-1301.9,-1.302,-58.9,-0.059,1416.3,1.416,0.0,0.0,42.7,38,47
2026-07-26,19:00,12,0.0,0.0,-1395.2,-1.395,-109.1,-0.109,1504.3,1.504,0.0,0.0,32.8,28,37
2026-07-26,20:00,12,0.0,0.0,-1322.0,-1.322,-114.6,-0.115,1436.6,1.437,0.0,0.0,22.7,18,27
2026-07-26,21:00,12,0.0,0.0,-1027.6,-1.028,-479.1,-0.479,1506.7,1.507,0.0,0.0,13.3,11,17
2026-07-26,22:00,12,0.0,0.0,2.1,0.002,-1240.6,-1.241,1238.5,1.238,0.0,0.0,11.0,11,11
2026-07-26,23:00,12,0.0,0.0,0.0,0.0,-1247.3,-1.247,1247.3,1.247,0.0,0.0,11.0,11,11
2026-07-27,00:00,12,0.0,0.0,2.5,0.003,-1074.1,-1.074,1071.6,1.072,0.0,0.0,11.0,11,11
2026-07-27,01:00,12,0.0,0.0,1.2,0.001,-1027.9,-1.028,1026.7,1.027,0.0,0.0,11.0,11,11
2026-07-27,02:00,12,0.0,0.0,0.0,0.0,-851.6,-0.852,851.6,0.852,0.0,0.0,11.0,11,11
2026-07-27,03:00,12,0.0,0.0,0.0,0.0,-1223.0,-1.223,1223.0,1.223,0.0,0.0,11.0,11,11
2026-07-27,04:00,12,0.0,0.0,4.7,0.005,-1186.6,-1.187,1181.9,1.182,0.0,0.0,11.0,11,11
2026-07-27,05:00,12,5.3,0.005,0.0,0.0,-1109.3,-1.109,1114.7,1.115,0.0,0.0,11.0,11,11
2026-07-27,06:00,12,233.4,0.233,0.0,0.0,-7382.9,-7.383,7616.3,7.616,0.0,0.0,11.0,11,11
2026-07-27,07:00,12,910.3,0.91,0.0,0.0,-6984.5,-6.984,7894.8,7.895,0.0,0.0,11.0,11,11
2026-07-27,08:00,12,1832.7,1.833,711.3,0.711,-3219.2,-3.219,4340.6,4.341,0.0,0.0,12.8,11,16
2026-07-27,09:00,12,2680.7,2.681,1483.9,1.484,-49.8,-0.05,1246.5,1.246,0.0,0.0,21.5,17,27
2026-07-27,10:00,12,3308.9,3.309,1942.1,1.942,-48.3,-0.048,1415.2,1.415,0.0,0.0,33.3,28,40
2026-07-27,11:00,12,3576.3,3.576,1663.5,1.663,-41.4,-0.041,1954.2,1.954,0.0,0.0,46.3,41,50
2026-07-27,12:00,12,4236.5,4.237,1052.5,1.052,-151.4,-0.151,3335.4,3.335,0.0,0.0,52.8,50,56
2026-07-27,13:00,12,2735.6,2.736,253.8,0.254,-58.0,-0.058,2539.8,2.54,0.0,0.0,60.2,56,64
2026-07-27,14:00,11,523.7,0.48,-1012.5,-0.928,-55.8,-0.051,1592.1,1.459,0.0,0.0,54.8,51,58
2026-07-27,15:00,12,938.4,0.938,-289.0,-0.289,-51.0,-0.051,1278.4,1.278,0.0,0.0,49.9,49,51
2026-07-27,16:00,12,1253.9,1.254,-35.9,-0.036,-49.8,-0.05,1339.6,1.34,0.0,0.0,49.0,49,49
2026-07-27,17:00,12,737.0,0.737,-570.2,-0.57,-52.3,-0.052,1359.5,1.359,0.0,0.0,47.3,45,49
2026-07-27,18:00,12,45.2,0.045,-1113.8,-1.114,-45.6,-0.046,1204.7,1.205,0.0,0.0,40.6,37,44
2026-07-27,19:00,12,0.0,0.0,-1261.7,-1.262,-101.0,-0.101,1362.7,1.363,0.0,0.0,32.5,28,36
2026-07-27,20:00,12,0.0,0.0,-1357.9,-1.358,-106.3,-0.106,1464.2,1.464,0.0,0.0,22.2,18,27
2026-07-27,21:00,12,0.0,0.0,-1000.2,-1.0,-319.1,-0.319,1319.2,1.319,0.0,0.0,13.4,11,17
2026-07-27,22:00,12,0.0,0.0,1.7,0.002,-1434.5,-1.435,1432.8,1.433,0.0,0.0,11.0,11,11
2026-07-27,23:00,12,0.0,0.0,0.0,0.0,-1052.4,-1.052,1052.4,1.052,0.0,0.0,11.0,11,11
2026-07-28,00:00,12,0.0,0.0,0.0,0.0,-1132.3,-1.132,1132.3,1.132,0.0,0.0,11.0,11,11
2026-07-28,01:00,12,0.0,0.0,0.0,0.0,-965.6,-0.966,965.6,0.966,0.0,0.0,11.0,11,11
2026-07-28,02:00,12,0.0,0.0,5.8,0.006,-805.7,-0.806,799.8,0.8,0.0,0.0,11.0,11,11
2026-07-28,03:00,12,0.0,0.0,0.0,0.0,-667.5,-0.667,667.5,0.667,0.0,0.0,11.0,11,11
2026-07-28,04:00,12,0.0,0.0,0.0,0.0,-938.4,-0.938,938.4,0.938,0.0,0.0,11.0,11,11
2026-07-28,05:00,12,8.4,0.008,0.0,0.0,-846.6,-0.847,855.0,0.855,0.0,0.0,11.0,11,11
2026-07-28,06:00,12,341.2,0.341,10.6,0.011,-211.1,-0.211,541.7,0.542,0.0,0.0,11.0,11,11
2026-07-28,07:00,12,853.4,0.853,381.8,0.382,0.0,0.0,471.7,0.472,0.0,0.0,12.0,11,14
2026-07-28,08:00,12,2331.7,2.332,1544.8,1.545,-5.3,-0.005,792.2,0.792,0.0,0.0,18.5,14,24
2026-07-28,09:00,12,2735.7,2.736,1521.4,1.521,-56.3,-0.056,1270.6,1.271,0.0,0.0,29.2,25,35
2026-07-28,10:00,12,2648.0,2.648,1219.8,1.22,-20.0,-0.02,1448.2,1.448,0.0,0.0,38.3,35,44
2026-07-28,11:00,12,2830.2,2.83,1283.9,1.284,-12.0,-0.012,1558.2,1.558,0.0,0.0,48.1,44,51
2026-07-28,12:00,12,2716.4,2.716,484.3,0.484,-51.1,-0.051,2283.2,2.283,0.0,0.0,52.5,50,57
2026-07-28,13:00,12,4345.5,4.346,2004.7,2.005,-53.8,-0.054,2394.6,2.395,0.0,0.0,65.2,58,71
2026-07-28,14:00,12,783.9,0.784,-1326.1,-1.326,-55.2,-0.055,2165.2,2.165,0.0,0.0,66.6,62,71
2026-07-28,15:00,12,1566.5,1.567,-97.3,-0.097,-66.1,-0.066,1729.9,1.73,0.0,0.0,60.5,60,62
2026-07-28,16:00,12,1360.3,1.36,-246.2,-0.246,-64.8,-0.065,1671.4,1.671,0.0,0.0,60.8,59,62
2026-07-28,17:00,12,74.9,0.075,-1187.3,-1.187,-38.8,-0.039,1301.1,1.301,0.0,0.0,54.4,51,58
2026-07-28,18:00,12,31.2,0.031,-1016.2,-1.016,-42.8,-0.043,1090.2,1.09,0.0,0.0,47.3,44,51
2026-07-28,19:00,12,0.0,0.0,-1105.5,-1.105,-97.0,-0.097,1202.5,1.203,0.0,0.0,39.7,36,43
2026-07-28,20:00,12,0.0,0.0,-971.0,-0.971,-101.0,-0.101,1072.0,1.072,0.0,0.0,32.8,30,36
2026-07-28,21:00,12,0.0,0.0,-875.9,-0.876,-103.7,-0.104,979.6,0.98,0.0,0.0,26.8,24,30
2026-07-28,22:00,12,0.0,0.0,-902.1,-0.902,-107.9,-0.108,1010.0,1.01,0.0,0.0,20.8,18,24
2026-07-28,23:00,12,0.0,0.0,-894.9,-0.895,-98.3,-0.098,993.2,0.993,0.0,0.0,14.2,11,17
2026-07-29,00:00,12,0.0,0.0,-67.3,-0.067,-769.2,-0.769,836.5,0.837,0.0,0.0,11.0,11,11
2026-07-29,01:00,12,0.0,0.0,4.2,0.004,-790.8,-0.791,786.6,0.787,0.0,0.0,11.0,11,11
2026-07-29,02:00,12,0.0,0.0,0.0,0.0,-684.1,-0.684,684.1,0.684,0.0,0.0,11.0,11,11
2026-07-29,03:00,12,0.0,0.0,0.0,0.0,-724.6,-0.725,724.6,0.725,0.0,0.0,11.0,11,11
2026-07-29,04:00,12,0.0,0.0,5.8,0.006,-700.2,-0.7,694.4,0.694,0.0,0.0,11.0,11,11
2026-07-29,05:00,12,0.0,0.0,1.7,0.002,-629.8,-0.63,628.2,0.628,0.0,0.0,11.0,11,11
2026-07-29,06:00,12,24.3,0.024,0.0,0.0,-498.1,-0.498,522.4,0.522,0.0,0.0,11.0,11,11
2026-07-29,07:00,12,114.2,0.114,1.2,0.001,-344.9,-0.345,457.8,0.458,0.0,0.0,11.0,11,11
2026-07-29,08:00,12,435.2,0.435,32.4,0.032,-178.6,-0.179,581.4,0.581,0.0,0.0,11.0,11,11
2026-07-29,09:00,12,693.9,0.694,137.2,0.137,-101.3,-0.101,658.0,0.658,0.0,0.0,12.0,12,12
2026-07-29,10:00,12,624.8,0.625,71.0,0.071,-224.7,-0.225,778.5,0.778,0.0,0.0,12.6,12,13
2026-07-29,11:00,12,643.0,0.643,40.6,0.041,-335.7,-0.336,938.1,0.938,0.0,0.0,13.0,13,13
2026-07-29,12:00,12,784.8,0.785,23.8,0.024,-328.8,-0.329,1089.8,1.09,0.0,0.0,13.0,13,13
2026-07-29,13:00,12,694.2,0.694,30.8,0.031,-350.4,-0.35,1013.8,1.014,0.0,0.0,13.2,13,14
2026-07-29,14:00,12,1188.3,1.188,193.8,0.194,-98.4,-0.098,1092.9,1.093,0.0,0.0,14.1,14,15
2026-07-29,15:00,12,1154.9,1.155,302.1,0.302,-113.4,-0.113,966.2,0.966,0.0,0.0,16.2,15,17
2026-07-29,16:00,12,686.9,0.687,14.3,0.014,-368.2,-0.368,1040.8,1.041,0.0,0.0,17.0,17,17
2026-07-29,17:00,12,191.8,0.192,0.0,0.0,-878.9,-0.879,1070.7,1.071,0.0,0.0,17.0,17,17
2026-07-29,18:00,12,19.5,0.019,0.0,0.0,-1021.4,-1.021,1040.9,1.041,0.0,0.0,17.0,17,17
2026-07-29,19:00,12,0.0,0.0,0.0,0.0,-1156.8,-1.157,1156.8,1.157,0.0,0.0,17.0,17,17
2026-07-29,20:00,12,0.0,0.0,0.0,0.0,-1045.6,-1.046,1045.6,1.046,0.0,0.0,17.0,17,17
2026-07-29,21:00,12,0.0,0.0,0.0,0.0,-1017.2,-1.017,1017.2,1.017,0.0,0.0,17.5,17,18
2026-07-29,22:00,12,0.0,0.0,0.0,0.0,-994.0,-0.994,994.0,0.994,0.0,0.0,18.0,18,18
2026-07-29,23:00,12,0.0,0.0,0.0,0.0,-805.8,-0.806,805.8,0.806,0.0,0.0,18.0,18,18
2026-07-30,00:00,12,0.0,0.0,0.0,0.0,-771.7,-0.772,771.7,0.772,0.0,0.0,18.0,18,18
2026-07-30,01:00,12,0.0,0.0,7.8,0.008,-790.8,-0.791,783.1,0.783,0.0,0.0,18.0,18,18
2026-07-30,02:00,12,0.0,0.0,0.0,0.0,-914.3,-0.914,914.3,0.914,0.0,0.0,18.0,18,18
2026-07-30,03:00,12,0.0,0.0,0.0,0.0,-651.2,-0.651,651.2,0.651,0.0,0.0,18.0,18,18
2026-07-30,04:00,12,0.0,0.0,2.1,0.002,-732.5,-0.733,730.4,0.73,0.0,0.0,18.0,18,18
2026-07-30,05:00,12,6.7,0.007,0.0,0.0,-538.8,-0.539,545.5,0.545,0.0,0.0,18.0,18,18
2026-07-30,06:00,12,226.9,0.227,0.8,0.001,-6255.5,-6.256,6481.6,6.482,0.0,0.0,18.0,18,18
2026-07-30,07:00,12,1200.3,1.2,1.2,0.001,-6564.4,-6.564,7763.5,7.764,0.0,0.0,18.0,18,18
2026-07-30,08:00,12,2498.5,2.498,838.7,0.839,-2688.0,-2.688,4347.8,4.348,0.0,0.0,19.8,18,24
2026-07-30,09:00,12,2582.8,2.583,1637.7,1.638,-72.7,-0.073,1017.8,1.018,0.0,0.0,29.0,25,35
2026-07-30,10:00,12,2498.3,2.498,1607.0,1.607,-9.3,-0.009,900.7,0.901,0.0,0.0,41.4,36,46
2026-07-30,11:00,12,2999.9,3.0,1691.7,1.692,-13.3,-0.013,1321.6,1.322,0.0,0.0,53.5,47,58
2026-07-30,12:00,11,3305.3,3.03,180.4,0.165,-51.5,-0.047,3176.4,2.912,0.0,0.0,59.5,57,63
2026-07-30,13:00,12,2244.8,2.245,612.7,0.613,-30.7,-0.031,1662.8,1.663,0.0,0.0,66.4,65,68
2026-07-30,14:00,12,2218.5,2.219,73.8,0.074,-59.2,-0.059,2203.9,2.204,0.0,0.0,65.8,64,67
2026-07-30,15:00,12,2433.3,2.433,826.7,0.827,-48.2,-0.048,1654.9,1.655,0.0,0.0,71.2,68,73
2026-07-30,16:00,12,1588.3,1.588,213.8,0.214,-40.0,-0.04,1414.5,1.415,0.0,0.0,73.9,73,74
2026-07-30,17:00,12,874.7,0.875,-407.2,-0.407,-32.0,-0.032,1313.8,1.314,0.0,0.0,73.4,72,75
2026-07-30,18:00,12,42.9,0.043,-6624.5,-6.625,-1209.7,-1.21,7877.1,7.877,0.0,0.0,50.0,24,71
2026-07-30,19:00,11,0.0,0.0,-1045.4,-0.958,-3223.5,-2.955,4268.8,3.913,0.0,0.0,11.4,10,16
2026-07-30,20:00,12,0.0,0.0,0.0,0.0,-1342.3,-1.342,1342.3,1.342,0.0,0.0,11.0,11,11
2026-07-30,21:00,11,0.0,0.0,0.0,0.0,-1180.5,-1.082,1180.5,1.082,0.0,0.0,11.0,11,11
2026-07-30,22:00,12,0.0,0.0,0.0,0.0,-1040.0,-1.04,1040.0,1.04,0.0,0.0,11.0,11,11
2026-07-30,23:00,12,0.0,0.0,0.0,0.0,-3269.0,-3.269,3269.0,3.269,0.0,0.0,11.0,11,11
2026-07-31,00:00,12,0.0,0.0,6.4,0.006,-873.5,-0.874,867.1,0.867,0.0,0.0,11.0,11,11
2026-07-31,01:00,12,0.0,0.0,1.7,0.002,-843.8,-0.844,842.1,0.842,0.0,0.0,11.0,11,11
2026-07-31,02:00,12,0.0,0.0,1.7,0.002,-588.8,-0.589,587.1,0.587,0.0,0.0,11.0,11,11
2026-07-31,03:00,12,0.0,0.0,0.0,0.0,-765.0,-0.765,765.0,0.765,0.0,0.0,11.8,11,12
2026-07-31,04:00,12,0.0,0.0,0.0,0.0,-969.7,-0.97,969.7,0.97,0.0,0.0,12.0,12,12
2026-07-31,05:00,12,10.7,0.011,0.0,0.0,-797.6,-0.798,808.2,0.808,0.0,0.0,12.0,12,12
2026-07-31,06:00,12,306.7,0.307,104.9,0.105,-17.6,-0.018,219.3,0.219,0.0,0.0,12.0,12,12
2026-07-31,07:00,12,1109.8,1.11,869.8,0.87,0.0,0.0,240.1,0.24,0.0,0.0,15.3,13,19
2026-07-31,08:00,12,1615.3,1.615,1393.7,1.394,0.0,0.0,221.7,0.222,0.0,0.0,23.7,19,28
2026-07-31,09:00,12,2663.4,2.663,2432.2,2.432,0.0,0.0,231.2,0.231,0.0,0.0,34.8,29,43
2026-07-31,10:00,12,3362.9,3.363,3115.2,3.115,0.0,0.0,247.8,0.248,0.0,0.0,54.1,45,64
2026-07-31,11:00,12,4805.1,4.805,4247.2,4.247,281.8,0.282,276.1,0.276,0.0,0.0,80.4,67,94
2026-07-31,12:00,12,5112.9,5.113,753.9,0.754,4018.3,4.018,340.7,0.341,0.0,0.0,98.6,95,100
2026-07-31,13:00,12,4782.8,4.783,0.0,0.0,4447.9,4.448,334.8,0.335,0.0,0.0,100.0,100,100
2026-07-31,14:00,12,4263.1,4.263,0.0,0.0,3958.8,3.959,304.2,0.304,0.0,0.0,100.0,100,100
2026-07-31,15:00,12,1662.8,1.663,0.0,0.0,1396.7,1.397,266.2,0.266,0.0,0.0,99.3,99,100
2026-07-31,16:00,12,129.9,0.13,-72.3,-0.072,9.4,0.009,192.8,0.193,0.0,0.0,99.0,99,99
2026-07-31,17:00,12,63.6,0.064,-155.4,-0.155,0.0,0.0,219.0,0.219,0.0,0.0,98.1,98,99
2026-07-31,18:00,12,5.2,0.005,-160.8,-0.161,-18.9,-0.019,184.9,0.185,0.0,0.0,96.7,96,97
2026-07-31,19:00,12,0.0,0.0,-133.8,-0.134,-79.7,-0.08,213.4,0.213,0.0,0.0,95.8,95,96
2026-07-31,20:00,12,0.0,0.0,-133.4,-0.133,-81.0,-0.081,214.4,0.214,0.0,0.0,94.8,94,95
2026-07-31,21:00,11,0.0,0.0,-98.5,-0.09,-79.5,-0.073,178.1,0.163,0.0,0.0,93.9,93,94
2026-07-31,22:00,12,0.0,0.0,-135.0,-0.135,-81.0,-0.081,216.0,0.216,0.0,0.0,92.9,92,93
2026-07-31,23:00,12,0.0,0.0,-103.5,-0.104,-81.0,-0.081,184.5,0.184,0.0,0.0,92.0,92,92
